{
  "common": {
    "ok": "OK",
    "cancel": "Huỷ bỏ",
    "back": "Trở lại",
    "setting": "Cài đặt",
    "or": "hoặc",
    "refresh": "Tải lại",
    "yes": "Có",
    "no": "Không",
    "download": "Tải xuống",
    "emptyNumber": "-"
  },
  "errors": {
    "missingKey": "Thiết Title",
    "noData": "Không có dữ liệu",
    "dataNotFound": "Không tìm thấy dữ liệu ",
    "unableLoadData": "Không tải được dữ liệu.",
    "serverError": "Có lỗi từ server.\nVui lòng thử lại sau!",
    "default": "Có lỗi không xác định.\nVui lòng thử lại sau!",
    "timeout": "Hết thời gian thực hiện yêu cầu.\nVui lòng thử lại sau!",
    "systemError": "Lỗi hệ thống",
    "refreshPage": "Vui lòng tải lại trang để thử lại.",
    "noDataDisplayed": "Không có dữ liệu hiển thị"
  },
  "tx": {
    "home": "Trang chủ",
    "save": "Lưu",
    "unsave": "Bỏ lưu",
    "suggestionForYou": "Gợi ý cho bạn",
    "recentSearch": "Tìm kiếm gần đây",
    "searchResult": "Kết quả tìm kiếm",
    "locality": "Địa bàn: ",
    "address": "Địa chỉ: ",
    "stationTypeValue": "Loại trạm: ",
    "stationType": "Loại trạm",
    "timePublic": "Ngày phát sóng: ",
    "timeEndContract": "Thời hạn hợp đồng: ",
    "host": "Chủ nhà: ",
    "manager": "Quản lý: ",
    "phone": "SĐT: ",
    "saveStation": "Lưu trạm",
    "saved": "Đã lưu",
    "infrastructure": "Hạ tầng",
    "performance": "Performance",
    "maintenance": "Bảo dưỡng",
    "vhkt_station": "Nhà trạm",
    "currentWarning": "Cảnh báo",
    "service": "Dịch vụ",
    "electromechanical": "Cơ điện",
    "stationMaintenance": "Bảo dưỡng nhà trạm",
    "deviceMaintenance": "Bảo dưỡng thiết bị",
    "overview": "Tổng quan",
    "incidentHistory": "Lịch sử sự cố",
    "stationProfile": "Profile trạm",
    "provinceProfile": "Profile tỉnh",
    "unitReport": "Báo cáo đơn vị",
    "favoriteReport": "Báo cáo yêu thích",
    "myAccount": "Tài khoản",
    "provincialGeneralStation": "Tổng trạm tỉnh",
    "electromechanicalContent": "Nội dung cơ điện",
    "electricityGrid": "Trạng thái điện lưới: ",
    "hasGenerator": "Trạm đặt máy phát điện cố định: ",
    "generatorSettingStatus": "Trạng thái đặt máy phát điện: ",
    "generatorType": "Loại máy phát điện: ",
    "generatorCapacity": "Công suất máy phát điện: ",
    "hasATS": "Trạm có ATS không: ",
    "hasConditioner": "Trạm có điều hòa không: ",
    "usedTGLB": "Trạm có sử dụng TGLB không: ",
    "dischargeTimeBattery": "Thời gian xả acquy: ",
    "batteryCount": "Số tổ acquy: ",
    "subscriberNStationTraffic": "Thuê bao & lưu lượng trạm",
    "subscriberCount": "Số lượng thuê bao di động: ",
    "trafficTitle": "Lưu lượng: ",
    "mobilePerformance": "Hiệu suất di động: ",
    "subscriberCDBRCount": "Số lượng thuê bao CĐBR: ",
    "portPerformanceCDBR": "Hiệu suất port CĐBR: ",
    "tLast7days": "7 ngày gần nhất",
    "tLast30days": "30 ngày gần nhất",
    "tLast90days": "90 ngày gần nhất",
    "tLast5Weeks": "5 tuần gần nhất",
    "tLast10Weeks": "10 tuần gần nhất",
    "tLast15Weeks": "15 tuần gần nhất",
    "tLast20Weeks": "20 tuần gần nhất",
    "optional": "Tuỳ chọn",
    "all": "Tất cả",
    "allLabel": "Tất cả",
    "unfinished": "Chưa hoàn thành",
    "unfinishedLabel": "Chưa hoàn thành",
    "inprogress": "Đang xử lý",
    "finished": "Hoàn thành",
    "finishedLabel": "Hoàn thành",
    "finish": "Hoàn thành",
    "point": "Tổng điểm: ",
    "crSeri": "Số CR/WO: ",
    "networkNodeCode": "Mã node mạng: ",
    "content": "Nội dung",
    "contentValue": "Nội dung: ",
    "startTime": "Thời gian bắt đầu: ",
    "endTime": "Thời gian kết thúc: ",
    "status": "Trạng thái: ",
    "statusTitle": "Trạng thái",
    "performer": "Người thực hiện: ",
    "cabinetName": "Cabinet name: ",
    "cabinetNameOnNode": "Cabinet name on node: ",
    "cabinetNameNIMS": "Cabinet name NIMS: ",
    "cellName": "Cell name: ",
    "stationCodeNIMS": "Station code NIMS: ",
    "faultName": "Fault name: ",
    "keyword": "Keyword: ",
    "vendor": "Vendor: ",
    "contentEvent": "Content event: ",
    "typeStation": "Type station: ",
    "occurredTime": "Occurred time: ",
    "warningContent": "Nội dung cảnh báo",
    "incidentName": "Tên sự cố: ",
    "incidentTime": "Thời gian bắt đầu dự kiến: ",
    "processingTime": "Thời gian kết thúc dự kiến: ",
    "causal": "Nguyên nhân: ",
    "solution": "Cách khắc phục: ",
    "deviceCode": "Mã thiết bị: ",
    "infrastructureDevelopment": "Phát triển hạ tầng",
    "warning": "Cảnh báo",
    "utilities": "Tiện ích",
    "transmissionProblem": "Tổng số sự cố: ",
    "numOfTurns": "%{num} lần",
    "opticalFiber": "Cáp quang",
    "generator": "Máy phát điện",
    "quantity": "Số lượng",
    "ratio": "Tỉ lệ",
    "ratioPercent": "%{ratio}%",
    "totalNumOfPositions": "Tổng số vị trí",
    "mobileLocation": "Vị trí di động",
    "CĐBRLocation": "Vị trí CĐBR",
    "transmission": "Truyền dẫn",
    "optical": "Quang",
    "microwave": "Vi ba",
    "numOfRoute": "Số tuyến",
    "numOfKm": "Tổng Km",
    "total": "Tổng số",
    "other": "Khác",
    "buildingOther": "Khác",
    "mobile": "Di động",
    "subscription": "Thuê bao",
    "subscriptionPerDay": "TB thuê bao/ngày",
    "voiceTrafficPerTotal": "LL thoại/Tổng (Erl)",
    "dataTrafficPerTotal": "LL Data/Tổng (TB)",
    "2G": "2G",
    "3G": "3G",
    "4G": "4G",
    "5G": "5G",
    "TU2G": "TU 2G",
    "TU3G": "TU 3G",
    "TU4G": "TU 4G",
    "TU5G": "TU 5G",
    "marketShare": "Thị phần",
    "CĐBRTH": "CĐBR & Truyền hình",
    "numOfSubscription": "Số thuê bao",
    "numOfHousehold": "Số hộ",
    "FTTH": "FTTH",
    "TH": "TH",
    "FTTHPerHousehold": "FTTH/hộ",
    "THPerHousehold": "TH/hộ",
    "VNPT": "VNPT",
    "FPT": "FPT",
    "quantityValue": "Số lượng: %{quantity}",
    "ratioValue": "Tỉ lệ: %{ratio}%",
    "notProvidedValue": "Chưa CC: %{value}",
    "providedValue": "Đã CC: %{value}",
    "voiceTraffic": "Lưu lượng thoại",
    "dataTraffic": "Lưu lượng data",
    "tLast1Month": "1 tháng gần nhất",
    "tLast3Month": "3 tháng gần nhất",
    "tLast6Month": "6 tháng gần nhất",
    "tLast9Month": "9 tháng gần nhất",
    "tLast12Month": "12 tháng gần nhất",
    "stationInformation": "Thông tin trạm",
    "numOfPositionStation": "Số vị trí trạm",
    "nationalAxis": "Trục quốc gia/QT",
    "districtGeneralStation": "Tổng trạm huyện",
    "macro": "Macro",
    "RRU": "RRU",
    "batteryBackupTime": "Thời gian xả acquy",
    "largerOr8h": ">= 8 giờ",
    "largerOr4h": ">= 4 giờ - < 8 giờ",
    "largerOr2h": ">= 2 giờ - < 4 giờ",
    "largerOr1h": ">= 1 giờ - < 2 giờ",
    "largerOr30m": ">= 30 phút - < 1 giờ",
    "otherHours": "Khác",
    "stationQuality": "Chất lượng nhà trạm",
    "100Point": "100 điểm",
    "85To100Point": "85 đến 100 điểm",
    "under85Point": "Dưới 85 điểm",
    "hasSeriousError": "Có lỗi nghiêm trọng",
    "layout": "Bố trí",
    "ATSFixed": "Đặt cố định - ATS",
    "CTVFixed": "Đặt cố định - CTV",
    "techniqueFixed": "Đặt cố định - Kỹ thuật",
    "rotationAtStation": "Luân chuyển - Tại trạm",
    "fixedPosition": "Đặt cố định",
    "noMachineOnSite": "Không có máy tại chỗ",
    "month": "Tháng",
    "quarter": "Quý",
    "year": "Năm",
    "networkQuality": "Chất lượng mạng",
    "numsOfKPI": "Số lượng KPI",
    "kpiNotAchieved": "KPI không đạt",
    "kpiAchieved": "KPI đạt",
    "kpiNoData": "KPI không có dữ liệu",
    "notAchieved": "Không đạt yêu cầu",
    "achieved": "Đạt yêu cầu",
    "target": "Mục tiêu",
    "informationInterruptionStation": "Trạm GĐTT",
    "currentStatus": "Hiện trạng",
    "timeGDTT": "Thời gian GĐTT (phút)",
    "reality": "Thực tế",
    "expected": "Dự kiến",
    "district": "Huyện",
    "construction": "Công trình",
    "plan": "Kế hoạch",
    "perform": "Thực hiện",
    "completePercent": "% Hoàn thành",
    "BTSStation": "Phát sóng BTS",
    "AON": "AON",
    "GPON": "GPON",
    "solidNFortified": "Kiên cố\nCủng cố",
    "acceptance": "Nghiệm thu",
    "handOver": "Bàn giao",
    "newsite": "newsite",
    "cosite": "Cosite",
    "numOfNIMSPortal": "NIMS (cổng)",
    "numOfPullCable": "Kéo cáp (Km)",
    "numOfImplicit": "Ngầm (Km)",
    "undergroundRoute": "Tuyến ngầm",
    "numOfColumn": "Cột (trạm)",
    "station": "Nhà trạm",
    "numOfTDRoute": "Tuyến TD",
    "BTSLocation": "BTS vị trí",
    "auxiliaryBTS": "BTS phụ trợ",
    "buildingManagement": "Quản lý dự án/tòa nhà/KĐT",
    "byType": "Theo loại hình",
    "byBuildingType": "Theo loại hình (Chưa CCDV & Đã CCDV)",
    "residential": "Dân cư",
    "urbanArea": "KĐT",
    "apartment": "Chung cư",
    "industrial": "Công nghiệp",
    "otherBuilding": "Khác (Resort/TTTM)",
    "residentialArea": "KDC",
    "byProgress": "Theo tiến độ",
    "contacted": "Đã tiếp xúc",
    "signedContract": "Đã ký HĐ",
    "underConstruction": "Đang thi công",
    "serviceProvided": "Đã cung cấp DV",
    "statusFinish": "Hoàn thành",
    "projectDetail": "Chi tiết dự án",
    "classify": "Phân loại theo công suất(KW)",
    "buildingStatus": "Tình trạng",
    "perfomance": "Hiệu suất",
    "compareWithCompetitors": "So sánh với các đối thủ",
    "selectDistrict": "Chọn huyện",
    "GPONPortInfrastructure": "Hạ tầng cổng GPON",
    "numberOfFTTHPort": "Số Cổng FTTH",
    "numOfFTTHSubscription": "Số thuê bao FTTH",
    "cabinetMultiSubscription": "Tủ nhiều thuê bao",
    "cabinetFewSubscription": "Tủ ít thuê bao",
    "cabinetNoSubscription": "Tủ không thuê bao",
    "portPerfomance": "Hiệu suất cổng",
    "ratioCabinetFewSubscription": "Tỷ lệ tủ ít thuê bao",
    "ratioCabinetNoSubscription": "Tỷ lệ tủ không TB",
    "totalCabinet": "Tổng tủ",
    "area1": "KV1",
    "area2": "KV2",
    "area3": "KV3",
    "marketShareFixedBroadband": "Thị phần CĐBR",
    "maintainingNetworkInfrastructure": "Bảo dưỡng hạ tầng mạng lưới",
    "group": "Nhóm",
    "cycle": "Chu kỳ",
    "cycleValue": "%{cycle} tháng/lần",
    "cyclesValue": "%{cycle} tháng/lần",
    "canton": "Tổng",
    "threshold": "Ngưỡng",
    "result": "Kết quả",
    "KPINetworkQuality": "KPI Chất lượng mạng",
    "KPIInfrastructureDevelopment": "KPI Phát triển hạ tầng",
    "NetBI": "NetBI",
    "BTS360": "Profile Trạm/Tỉnh",
    "toolDes": "Hệ thống quản lý",
    "5KVA": ">=5 - <10",
    "10KVA": ">= 10 - <15",
    "15KVA": ">=15",
    "lessThan5KVA": "<5",
    "report": "Báo cáo",
    "enterAndSearchReport": "Nhập và tìm báo cáo",
    "reportName": "Tên báo cáo",
    "time": "Thời gian",
    "fileType": "Loại file",
    "action": "Hành động",
    "mobileContent": "Dịch vụ di động",
    "CDBRContent": "Dịch vụ CĐBR",
    "hour": " giờ",
    "numOfGPONSub": "Số lượng cổng GPON đã sử dụng: ",
    "numOfAONSub": "Số lượng cổng AON đã sử dụng: ",
    "numOfGPONPortPer": "Hiệu suất cổng GPON: ",
    "numOfAONPortPer": "Hiệu suất cổng AON: ",
    "getDataDate": "Ngày lấy dữ liệu: ",
    "warningEndTime": "Warning end time: ",
    "email": "Email: %{email}",
    "supportCenter": "Trung tâm hỗ trợ",
    "logInByBiometric": "Đăng nhập bằng sinh trắc học",
    "logout": "Đăng xuất",
    "isBadCellData": "Cell tồi Data",
    "isBadCellVoice": "Cell tồi thoại",
    "badVideoRate": "Tỉ lệ phiên tồi Data",
    "badCallRate": "Tỉ lệ phiên tồi Thoại",
    "psCssr": "Tỉ lệ thiết lập phiên Data thành công",
    "csCssr": "Tỉ lệ thiết lập phiên Thoại thành công",
    "psCdr": "Tỉ lệ rớt phiên Data",
    "csCdr": "Tỉ lệ rớt phiên Thoại",
    "selectApplication": "Chọn ứng dụng",
    "value": "Giá trị",
    "acceptanceOfTheUnitUsed": "Nghiệm thu ĐVSD",
    "undergroundUsageUnit": "ĐVSD Ngầm",
    "byPlan": "Theo kế hoạch",
    "byImplementation": "Theo thực hiện",
    "implementingConstructionProject": "Triển khai dự án",
    "implementingConstructionProjectDes": " (Tòa nhà, KĐT, KCN)",
    "deployTransmission": "Triển khai truyền dẫn ngầm, số cổng BRCĐ",
    "deployingBTSBroadcasting": "Triển khai phát sóng BTS",
    "signContractorContract": "Ký HĐNT",
    "contract": "Ký HĐ",
    "contractPerformance": "Thực hiện HĐ",
    "deployment": "Triển khai",
    "implementingBuildingProject": "Triển khai DATN",
    "performDeployment": "Thực hiện triển khai",
    "completedExecution": "Thực hiện hoàn thành",
    "locationBTS": "Vị trí BTS",
    "locationBTSCosite": "Vị trí BTS Cosite",
    "updatingUI": "Đang cập nhật giao diện",
    "cableLine": "Tuyến cáp",
    "airConditioner": "Điều hòa",
    "dustFilterVentilation": "TGLB",
    "generator1": "Máy phát",
    "dateValue": "Ngày: %{value}",
    "weekValue": "Tuần: %{value}",
    "performValue": "Thực hiện: %{value}",
    "targetValue": "Mục tiêu: %{value}",
    "minute": " phút",
    "monthValueFull": "Tháng %{value}",
    "monthValueSort": "Th.%{value}",
    "totalView": "%{num} lượt xem",
    "totalViews": "%{num} lượt xem",
    "traffic": "Lưu lượng",
    "interruptData": "Gián đoạn thông tin",
    "fixed": "Cố định",
    "infrastructureOverview": "Tổng quan hạ tầng",
    "subscriptionTraffic": "Thuê bao & Lưu lượng",
    "subscriptionPerformance": "Thuê bao & Hiệu suất",
    "miningOperationHistory": "Lịch sử VHKT",
    "language": "Ngôn ngữ",
    "changeTo": "Chuyển sang",
    "emptyImages": "Không có hình ảnh để hiển thị",
    "searchStation": "Tìm kiếm trạm",
    "downloadFile": "Tải file",
    "numericalOrder": "STT",
    "stationCode": "Mã trạm",
    "addressTitle": "Địa chỉ",
    "managerTitle": "Người quản lý",
    "managerPhonenumber": "SĐT quản lý",
    "detailInformation": "Thông tin chi tiết",
    "serial": "Serial",
    "machineType": "Loại máy",
    "model": "Model",
    "wattage": "Công suất",
    "performMiningStatus": "Trạng thái VHKT",
    "cabinetCode": "Mã tủ",
    "cabinetKPIPerformance": "KPI hiệu suất tủ",
    "subsPerDay": "Thuê bao/ngày",
    "planMonth": "Kế hoạch tháng",
    "resultMonth": "Kết quả tháng",
    "ratioMonth": "Tỷ lệ hoàn thành",
    "clearAll": "Thiết lập lại",
    "saveFilter": "Lưu bộ lọc",
    "GPONRoute": "Tuyến GPON",
    "sortAtoZ": "Sắp xếp A -> Z",
    "sortZtoA": "Sắp xếp Z -> A",
    "filter": "Bộ lọc",
    "cancel": "Hủy bỏ",
    "findManager": "Tìm kiếm người quản lý",
    "GPONInfrastructure": "Hạ tầng GPON",
    "selectWattage": "Chọn công suất",
    "selectPerformance": "Chọn hiệu suất",
    "selectPerformMiningStatus": "Chọn trạng thái VHKT",
    "selectArrange": "Chọn bố trí",
    "selectStationType": "Chọn loại trạm",
    "selectManager": "Chọn người quản lý"
  },
  "stationStatus": {
    "unknown": "Không xác định",
    "building": "Đang xây dựng",
    "waitForIntegration": "Chờ tích hợp",
    "integrationNotActive": "Tích hợp chưa hoạt động",
    "active": "Đang hoạt động",
    "waitForCancel": "Chờ hủy",
    "canceled": "Hủy"
  },
  "station": {
    "placeholder": "Nhập thông tin cần tìm kiếm",
    "stationSavedTitle": "Danh sách các trạm đã lưu",
    "stationSavedSubTitle": "Dễ dàng và nhanh chóng tìm lại danh sách các trạm đã được lưu lại địa điểm từ trước",
    "notFoundStation": "Không tìm thấy trạm",
    "enterToSearch": "Vui lòng nhập lại để tìm kiếm",
    "deleteSuccess": "Bỏ lưu trạm thành công",
    "saveSuccess": "Lưu trạm thành công",
    "errorSaveStation": "Đã xảy ra lỗi khi lưu trạm",
    "errorDeleteStation": "Đã xảy ra lỗi khi xoá trạm",
    "imageList": "Danh sách ảnh"
  }
}
