{
  "account": {
    "account": "Tài khoản",
    "accountDetail": "Chi tiết tài khoản",
    "applicationInformation": "Thông tin phần mềm",
    "supportCenter": "Trung tâm hỗ trợ",
    "chooseLanguage": "Chọn ngôn ngữ",
    "changeTo": "Chuyển sang",
    "bts360": "Profile trạm/tỉnh",
    "version": "Phiên bản",
    "publishedBy": "Đơn vị sản xuất",
    "contact": "Liên hệ",
    "userGuide": "Hướng dẫn sử dụng",
    "userGuideList": "Danh sách hướng dẫn sử dụng",
    "childUnit": "Đơn vị con",
    "employee": "Nhân sự",
    "childUnitList": "Danh sách đơn vị con",
    "view": "Lượt xem báo cáo",
    "searchReport": "Tìm kiếm báo cáo",
    "pleaseEnterReportName": "Nhập tên báo cáo",
    "unitView": "Lượt xem đơn vị",
    "stt": "STT",
    "reportName": "Tên báo cáo",
    "loginByBiometrics": "Đăng nhập bằng sinh trắc học",
    "notSupportBiometrics": "Thiết bị của bạn không hỗ trợ sinh trắc học",
    "cancelBiometrics": "Bạn có muốn hủy tính năng đăng nhập ứng dụng bằng sinh trắc học?",
    "confirmFingerprint": "Xác nhận vân tay",
    "confirmFaceId": "Xác nhận khuôn mặt",
    "deviceNotSetupFingerprint": "Thiết bị chưa cài đăt vân tay",
    "pleaseSetupFingerprint": "Bạn vui lòng cài đặt vân tay trên thiết bị trước",
    "deviceNotSetupFaceID": "Thiết bị chưa cài đăt khuôn mặt",
    "pleaseSetupFaceID": "Bạn vui lòng cài đặt khuôn mặt trên thiết bị trước",
    "tooManyInvalidFingerprint": "Vân tay không hợp lệ quá số lần cho phép. Bạn vui lòng thử lại sau",
    "tooManyInvalidFaceID": "Khuôn mặt không hợp lệ quá số lần cho phép. Bạn vui lòng thử lại sau",
    "tooManyInvalidBiometrics": "Sinh trắc học không hợp lệ quá số lần cho phép. Bạn vui lòng nhập mật khẩu để thay thế",
    "wrongPassword": "Mật khẩu không chính xác!",
    "supportEmail": "Email hỗ trợ",
    "contactNumber": "Số điện thoại liên hệ",
    "viettelNetworks": "Tổng công ty Mạng Lưới Viettel",
    "utilities": "Tiện ích",
    "language": "Ngôn ngữ"
  },
  "auth": {
    "login": "Đăng nhập",
    "logout": "Đăng xuất",
    "username": "Tên đăng nhập",
    "password": "Mật khẩu",
    "usernameLC": "tên đăng nhập",
    "passwordLC": "mật khẩu",
    "show": "Hiện",
    "hide": "Ẩn",
    "wrongPasswordOrUsername": "Tài khoản hoặc mật khẩu không chính xác!",
    "invalidUsername": "Vui lòng nhập tên đăng nhập",
    "invalidPassword": "Vui lòng nhập mật khẩu",
    "switchAccount": "Đăng nhập bằng tài khoản khác",
    "biometricsHasNotBeenActivated": "Thiết bị của bạn chưa cài đặt xác thực bằng sinh trắc học hoặc không hỗ trợ tính năng này",
    "pleaseSetUpBiometrics": "Bạn vui lòng cài đặt sinh trắc học trên thiết bị trước",
    "alertActivatedFingerprint": "Kích hoạt đăng nhập bằng vân tay thành công",
    "alertCancelFingerprint": "Hủy đăng nhập bằng sinh trắc học thành công",
    "alertAvailableFingerprint": "Chức năng đăng nhập bằng vân tay của bạn đã bị ngừng tự động do có sự thay đổi vân tay trên thiết bị. Bạn vui lòng kích hoạt lại chức năng này sau khi đăng nhập ứng dụng.",
    "alertAvailableFaceId": "Chức năng đăng nhập bằng khuôn mặt của bạn đã bị ngừng tự động do có sự thay đổi khuôn mặt trên thiết bị. Bạn vui lòng kích hoạt lại chức năng này sau khi đăng nhập ứng dụng.",
    "outdatedSessionLogin": "Phiên đăng nhập đã hết hiệu lực. Bạn vui lòng đăng nhập lại.",
    "alertSwitchAccount": "Bạn muốn đăng nhập bằng tài khoản khác?",
    "confirmSwitchAccount": "Tên đăng nhập đã lưu của Tài khoản hiện tại sẽ bị xóa?",
    "loginToUseBiometric": "Bạn chưa cài đặt đăng nhập bằng sinh trắc học",
    "loginToUseBiometricSub": "Vui lòng đăng nhập bằng mật khẩu và vào chức năng Tài khoản để cài đặt Đăng nhập bằng sinh trắc học",
    "tooManyInvalidFingerprint": "Vân tay không hợp lệ quá số lần cho phép. Bạn vui lòng đăng nhập bằng mật khẩu",
    "tooManyInvalidFaceID": "Khuôn mặt không hợp lệ quá số lần cho phép. Bạn vui lòng đăng nhập bằng mật khẩu.",
    "captcha": "Captcha",
    "enterCaptcha": "Nhập captcha",
    "wrongCaptcha": "Sai mã captcha",
    "accountLocked": "Tài khoản bị tạm khoá do nhập sai mật khẩu quá số lần cho phép. Tài khoản sẽ tự động mở khoá sau 5 phút",
    "accountNotFound": "Tài khoản không tồn tại trong hệ thống"
  },
  "calendar": {
    "minuteLC": "phút",
    "hourLC": "giờ",
    "dayLC": "ngày",
    "weekLC": "tuần",
    "monthLC": "tháng",
    "quarterLC": "quý",
    "yearLC": "năm",
    "january": "Tháng Một",
    "february": "Tháng Hai",
    "march": "Tháng Ba",
    "april": "Tháng Bốn",
    "may": "Tháng Năm",
    "june": "Tháng Sáu",
    "july": "Tháng Bảy",
    "august": "Tháng Tám",
    "september": "Tháng Chín",
    "october": "Tháng mười",
    "november": "Tháng Mười Một",
    "december": "Tháng Mười Hai",
    "monday": "TH 2",
    "tuesday": "TH 3",
    "wednesday": "TH 4",
    "thursday": "TH 5",
    "friday": "TH 6",
    "saturday": "TH 7",
    "sunday": "CN"
  },
  "chart": {
    "lack": "Thiếu",
    "lowAchieved": "đạt",
    "notAchievedLC": "tồi",
    "comparedToTarget": "so với mục tiêu",
    "continuous": "liên tiếp",
    "achieved": "Đạt yêu cầu",
    "notAchieved": "Không đạt yêu cầu",
    "achievedKPI": "KPI đạt",
    "theKPIWithNoData": "KPI không có dữ liệu",
    "notAchievedKPI": "KPI Không đạt",
    "theKPIAchievedTarget": "Đạt yêu cầu",
    "theKPIDidNotAchievedTarget": "Không đạt yêu cầu",
    "notAchievedKPIs": "Các KPI không đạt",
    "tooltipChart": {
      "explanation": "Giải trình",
      "result": "Thực hiện",
      "target": "Mục tiêu",
      "comparison": "Chênh lệch",
      "performance": "Hiệu suất sử dụng",
      "clickToSeeDetails": "Bấm để xem chi tiết",
      "totalAchieved": "Đạt",
      "totalNotAchieved": "Không đạt",
      "totalLack": "Thiếu"
    }
  },
  "common": {
    "view": "lượt xem",
    "search": "v",
    "loading": "Đang tải ...",
    "checkAll": "Chọn tất cả",
    "all": "Tất cả",
    "selected": "đã chọn",
    "shorten": "Rút gọn",
    "more": "Xem thêm",
    "cancel": "Hủy",
    "ok": "Xác nhận",
    "email": "Email",
    "number": "Số lượng",
    "suggestions": "Gợi ý",
    "isPlural": "",
    "hello": "Xin chào",
    "selectApp": "Chọn ứng dụng",
    "NetBI": "NetBI",
    "BTS360": "Profile Trạm/Tỉnh",
    "GNOC": "GNOC",
    "PTHT": "PTHT",
    "QLTN": "Quản lý toà nhà",
    "ZDT": "ZDT",
    "Chatbot": "Chatbot",
    "PCTT": "PCTT",
    "VSmart": "VSmart",
    "toolDes": "Hệ thống quản lý"
  },
  "error": {
    "dataNotFound": "Không tìm thấy dữ liệu!",
    "dataNotAvailable": "Không có dữ liệu!",
    "lackingData": "Không đủ dữ liệu"
  },
  "filter": {
    "filter": "Bộ lọc",
    "order": "Sắp xếp",
    "default": "Mặc định",
    "sortAscending": "Kém nhất",
    "sortDescending": "Tốt nhất",
    "achievedKPIOnly": "KPI đạt",
    "notAchievedKPIOnly": "KPI Không đạt",
    "donut": "Donut",
    "bar": "Cột chồng",
    "day": "Ngày",
    "week": "Tuần",
    "month": "Tháng",
    "quarter": "Quý",
    "year": "Năm",
    "nation": "Quốc gia",
    "field": "Lĩnh vực",
    "seeMore": "Xem thêm",
    "seeLess": "Thu gọn",
    "telecom": "Viễn thông",
    "it": "CNTT",
    "region": "Khu vực",
    "region1": "Khu vực 1",
    "region2": "Khu vực 2",
    "region3": "Khu vực 3",
    "searchProvince": "Tìm kiếm tỉnh",
    "clearAll": "Thiết lập lại",
    "apply": "Áp dụng",
    "reset": "Làm mới",
    "select": "Chọn",
    "selected": "Đã chọn"
  },
  "home": {
    "loadingUi": "Đang cập nhật giao diện",
    "home": "Trang chủ",
    "unit": "Đơn vị",
    "system": "Hệ thống",
    "country": "Cả nước",
    "countryLC": "cả nước",
    "overview": {
      "kpiRateTotal": "Tỷ lệ KPI đạt/Tổng số",
      "overallProvincialKPI": "Tổng quan KPI mức tỉnh",
      "overallNetworkKPI": "Tổng quan KPI toàn mạng",
      "bestProvince": "Các tỉnh thực hiện KPI tốt",
      "worstProvince": "Các tỉnh thực hiện KPI kém"
    },
    "totalKPIView": {
      "sortByKPIGroup": "Sắp xếp mảng",
      "chartType": "Loại biểu đồ",
      "achievedKPIProportion": "Tỷ lệ KPI đạt: ",
      "achievedKPIProportionOf": "Tỷ lệ KPI đạt của",
      "achievedKPIProportionNation": "Tỷ lệ KPI đạt của cả nước: ",
      "numbersOfYellowRedWarning": "Số lượng KPI cảnh báo vàng/đỏ: ",
      "overallKPIOf": "Tổng quan KPI"
    }
  },
  "notif": {
    "notif": "Thông báo",
    "unread": "Chưa đọc",
    "noUnreadNotification": "Không có thông báo mới nào!",
    "seeAll": "Xem tất cả"
  },
  "other": {
    "pleaseEnter": "Vui lòng nhập",
    "you": "bạn",
    "youUC": "Bạn",
    "your": "của bạn",
    "ago": "trước"
  },
  "report": {
    "report": "Báo cáo",
    "reportName": "Tên báo cáo",
    "reportList": "Danh sách báo cáo",
    "favReportScreen": {
      "reportFavNav": "BC yêu thích",
      "favReport": "Báo cáo yêu thích",
      "favouriteReportList": "Danh sách báo cáo yêu thích"
    },
    "shareComment": {
      "comment": "Bình luận",
      "addComment": "Thêm bình luận...",
      "deleteComment": "Xóa bình luận",
      "reply": "Trả lời",
      "share": "Chia sẻ",
      "send": "Gửi",
      "shareReport": "Chia sẻ báo cáo",
      "checkShareReport": "Bạn chắc chắn muốn chia sẻ báo cáo?",
      "sendMailSuccess": "Gửi mail thành công!"
    }
  },
  "search": {
    "search": "Tìm kiếm",
    "searchKPI": "Tìm kiếm KPI",
    "searchUnit": "Tìm kiếm đơn vị",
    "searchSystem": "Tìm kiếm hệ thống",
    "searchSession": "Tìm tên session",
    "searchReport": "Tìm tên báo cáo",
    "searchFavoriteReport": "Tìm tên báo cáo yêu thích",
    "history": "Lịch sử tìm kiếm"
  },
  "session": {
    "session": "Báo cáo",
    "sessionList": "Danh sách session",
    "moveToTop": "Di chuyển lên đầu",
    "moveDown": "Di chuyển xuống 1 hàng",
    "moveUp": "Di chuyển lên 1 hàng",
    "moveSuccess": "Di chuyển session thành công!",
    "moveFailed": "Di chuyển session không thành công!"
  },
  "slide": {
    "slide": "Slide",
    "slideConfiguration": "Cấu hình slide",
    "slideList": "Danh sách slide",
    "pleaseEnterSlideName": "Nhập tên slide",
    "table": {
      "stt": "STT",
      "slideName": "Tên Slide",
      "creator": "Người tạo",
      "createAt": "Ngày tạo",
      "updateBy": "Người cập nhật",
      "updateAt": "Ngày cập nhật"
    },
    "attach": {
      "totalAttachFile": "Tổng file đính kèm",
      "stt": "STT",
      "fileName": "Tên tập tin",
      "createDate": "Ngày thêm",
      "action": "Hành động"
    }
  },
  "system": {
    "fplashScreen": "Hệ thống quản lý báo cáo thông minh"
  },
  "toast": {
    "wrongPasswordOrUsername": "Tài khoản hoặc mật khẩu không chính xác",
    "lostConnection": "Mất kết nối đến máy chủ, đề nghị đồng chí kiểm tra kết nối!",
    "reloadToConnection": "Kết nối mạng được thiết lập lại. Vui lòng thao tác để cập nhật được dữ liệu mới nhất!",
    "noNetworkConnection": "Không có kết nối mạng. Vui lòng thử lại!",
    "errorOccurred": "Đã có lỗi xảy ra, vui lòng thử lại sau!",
    "fileDownloadSuccess": "Tải file thành công",
    "commentSuccess": "Gửi bình luận thành công",
    "commentFailure": "Gửi bình luận không thành công",
    "commentDeleteSuccess": "Xoá bình luận thành công",
    "commentDeleteFailure": "Xoá bình luận không thành công",
    "confirmDeleteComment": "Bạn có chắc chắn muốn xoá bình luận?",
    "deleteComment": "Xoá bình luận",
    "pleaseEnterComment": "Bạn cần điền nội dung bình luận",
    "fileNoExists": "File không khả dụng!",
    "storageCreateFail": "Không thể khởi tạo thư mục lưu trữ, vui lòng kiểm tra lại!",
    "confirm": "Đồng ý",
    "close": "Đóng",
    "cancel": "Huỷ",
    "cancelBiometricsSuccess": "Huỷ đăng nhập bằng sinh trắc học thành công",
    "activatedBiometricsSuccess": "Kích hoạt đăng nhập bằng sinh trắc học thành công",
    "noAccessApp": "Bạn không có quyền truy cập ứng dụng nào.\nVui lòng liên hệ với admin để có thể sử dụng ứng dụng!"
  }
}
