{
  "switchApp": "Switch applications",
  "logout": "Logout",
  "language": "Language",
  "menu": {
    "home": "Home",
    "stationProfile": "Station profile",
    "provinceProfile": "Provincial profile",
    "reportUnit": "Unit report",
    "reportFavorite": "Favorite report",
    "account": "Account"
  },
  "station": {
    "enterInfoSearch": "Enter information to search",
    "savedStationList": "Saved stations list",
    "hintSavedStation": "Fast and easy to find stations whose addresses have been saved before",
    "suggestForU": "Suggested for you",
    "renovatedHouse": "Renovated house",
    "views": "{{ views }} views",
    "searchRecently": "Recently searched",
    "searchResult": "Search results",
    "cannotFindStation": "Cannot find station",
    "plsEnterAgainToSearch": "Please enter again to continue searching",
    "viewSavedList": "View saved lists",
    "loadingMore": "Loading more...",
    "systemError": "System error",
    "refreshPage": "Please reload the page to try again.",
    "unSave": "Unsave",
    "completed": "Completed",
    "edit": "Edit",
    "saveSuccess": "Save station successfully",
    "removeSuccess": "Deleted station successfully",
    "errorSaveStation": "Error when saving station",
    "errorDeleteStation": "Error when deleting station",
    "unSavedSuccess": "Unsaved successfully",
    "status": {
      "constructing": "Đang xây dựng",
      "notYetWorking": "Tích hợp Chưa hoạt động",
      "working": "Đang hoạt động",
      "waitingForIntegration": "Chờ tích hợp",
      "waitingCancel": "Chờ huỷ",
      "canceled": "Huỷ"
    },
    "locality": "Locality:",
    "address": "Address:",
    "stationType": "Station type:",
    "broadcastDate": "Broadcast date:",
    "contractDuration": "Contract duration:",
    "host": "Host:",
    "telephoneNumber": "Telephone number:",
    "manager": "Manager:",
    "saved": "Saved",
    "saveStation": "Save station",
    "infrastructure": "Infrastructure",
    "performance": "Performance",
    "maintain": "Maintenance",
    "currentWarn": "Warning",
    "services": "Services",
    "electromechanics": "Electromechanics",
    "mobileServices": "Mobile services",
    "cdbr": "ADSL",
    "opticalFiber": "Optical fiber",
    "electromechanicalContent": "Electromechanics content",
    "electricityGrid": "Power grid state: ",
    "hasGenerator": "Station installs fixed generators: ",
    "generatorSettingStatus": "Generator's installation state: ",
    "generatorType": "Generator type: ",
    "generatorCapacity": "Generator wattage: ",
    "hasATS": "Station has ATS: ",
    "hasConditioner": "Station has air conditioner: ",
    "usedTGLB": "Station uses TGLB: ",
    "dischargeTimeBattery": "Battery-loading time: ",
    "batteryCount": "Number of battery groups: ",
    "last7days": "Last 7 days",
    "last30days": "Last 30 days",
    "last90days": "Last 90 days",
    "last5weeks": "Last 5 weeks",
    "last10weeks": "Last 10 weeks",
    "last15weeks": "Last 15 weeks",
    "last20weeks": "Last 20 weeks",
    "optional": "Optional",
    "all": "All",
    "unfinished": "Chưa hoàn thành",
    "unfinishedLabel": "Unfinished",
    "inProgress": "Đang xử lý",
    "inProgressLabel": "In progress",
    "finished": "Hoàn thành",
    "finishedLabel": "Finished",
    "hours": "giờ",
    "hour": "giờ",
    "subscriberNStationTraffic": "Subscriber and station traffic",
    "subscriberCount": "Number of mobile subscribers: ",
    "traffic": "Traffic: ",
    "mobilePerformance": "Mobile efficiency: ",
    "subscriberCDBRCount": "ADSL subscription number: ",
    "subscriberAONCount": "Number of used AON ports: ",
    "subscriberGPONCount": "Number of used GPON ports: ",
    "portPerformanceCDBR": "ADSL port efficiency: ",
    "portPerformanceAON": "AON port performance: ",
    "portPerformanceGPON": "GPON port performance: ",
    "pDate": "Date of data collection: ",
    "isBadCellData": "Bad data cell",
    "isBadCellVoice": "Bad call cell",
    "badVideoRate": "Bad Data session rate",
    "badCallRate": "Bad Call session rate",
    "psCssr": "Data session establishment success rate",
    "csCssr": "Rate of successful voice session establishment",
    "psCdr": "Data session drop rate",
    "csCdr": "Voice session drop rate",
    "stationMaintenance": "Station maintenance",
    "equipmentMaintenance": "Equipment maintenance",
    "notFoundData": "Cannot find data",
    "pleaseTryAgain": "Please try again",
    "startTime": "Start time:",
    "endTime": "End time:",
    "endTimeEn": "Warning end time:",
    "statusLabel": "State:",
    "yes": "Có",
    "no": "Không",
    "crSeri": "CR/WO number: ",
    "incidentTime": "Estimated start time: ",
    "processingTime": "Expected end time: ",
    "performer": "Performer: ",
    "content": "Content: ",
    "overview": "Overview",
    "problemHistory": "Problem history",
    "cabinetName": "Cabinet name:",
    "cabinetNameOnNode": "Cabinet name on Node:",
    "cabinetNameNIMS": "Cabinet name NIMS:",
    "cellName": "Cell name:",
    "stationCodeNIMS": "Station code NIMS:",
    "faultName": "Fault name:",
    "keyword": "Keyword:",
    "vendor": "Vendor:",
    "contentEvent": "Content event:",
    "typeStation": "Type station:",
    "occurredTime": "Occured time:",
    "warningContent": "Warning content",
    "totalIncidents": "Transmission problem: ",
    "incidentsCount_zero": "{{ count }} time",
    "incidentsCount_one": "{{ count }} time",
    "incidentsCount_other": "{{ count }} times",
    "incidentName": "Problem name: ",
    "causal": "Reason: ",
    "solution": "Solution: ",
    "deviceCode": "Device code: ",
    "last1month": "Last 1 month",
    "last3months": "Last 3 months",
    "last6months": "Last 6 months",
    "last12months": "Last 12 months"
  },
  "province": {
    "generalInfo": "General information",
    "infra": "Infrastructure",
    "number": "Total",
    "rate": "Proportion",
    "rateFinished": "Proportion finished",
    "totalNumberLocations": "Total number of locations",
    "mobileLocation": "Mobile location",
    "cdbrLocation": "ADSL location",
    "tranmission": "Transmission",
    "optical": "Optical",
    "microwave": "Microwave",
    "stationInfo": "Station information",
    "stationNumberLocation": "Station location number",
    "others": "Others",
    "totalNumber": "Total",
    "nationAxis": "National axis/international",
    "totalProvincialStation": "Tổng trạm tỉnh",
    "totalDistrictStation": "Total district station",
    "macro": "Macro",
    "rru": "RRU",
    "batteryLoadTime": "Battery-loading time",
    ">=8h": ">= 8 hours",
    ">=4h": ">= 4 hours - < 8 hours",
    ">=2h": ">= 2 hours - < 4 hours",
    ">=1h": ">= 1 hour - < 2 hours",
    ">=30m": ">= 30 minutes - < 1 hour",
    "stationQuality": "Station quality",
    "100Points": "100 points",
    "85To100points": "85 to 100 points",
    "under85points": "Under 85 points",
    "haveSevereErrors": "Having severe errors",
    "burialFiber": "Burial fiber",
    "aerialFiber": "Aerial fiber",
    "numberOfLines": "Number of lines",
    "totalKilometers": "Total km",
    "generator": "Generator",
    "category": "Classified by capacity (KW)",
    "distribution": "Distribution",
    "fixedInstall": "Fixed installation",
    "fixedInstallATS": "Fixed installation - ATS",
    "fixedInstallCTV": "Fixed installation - CTV",
    "fixedInstallEngineering": "Fixed installation - Engineering",
    "rotationAtStation": "Rotation - At station",
    "noAvailableEquipments": "No available equipments",
    "opticalFiber": "Optical fiber",
    "stationType": "Station type",
    "subscription": "Subscription",
    "AverageSubscriptionDay": "Average subscription/day",
    "MobileTrafficTotal": "Mobile traffic/Total (Erl)",
    "DataTrafficTotal": "Data traffic/Total (GB)",
    "value": "Value",
    "marketShare": "Market share",
    "mobileTraffic": "Mobile traffic",
    "dataTraffic": "Data traffic",
    "last3months": "Last 3 months",
    "last6months": "Last 6 months",
    "last9months": "Last 9 months",
    "last12months": "Last 12 months",
    "provided": "Provided",
    "notYetProvided": "Not yet provided"
  },
  "performed": "Performed",
  "target": "Target",
  "notAchieved": "Not achieved",
  "achieved": "Achieved",
  "totalInformationInterruption": "Total information interruption",
  "interruptionOfPriorityStationInformation": "Interruption of priority station information",
  "RegularInformationInterruption": "Regular information interruption",
  "RRUInformationInterruption": "RRU information interruption",
  "SmallcelInformationInterruption": "Smallcel information interruption",
  "InformationInterruptionStation": "Station",
  "InformationInterruptionTime": "Time (minute)",
  "ADSLTelevision": "ADSL & Television",
  "NumberOfSubscription": "Number of subscription",
  "householdNumber": "Household number",
  "FTTH/household": "FTTH/household",
  "TH/household": "TH/household",
  "GPONGateInfra": "GPON gate infrastructure",
  "FTTHPortNumber": "FTTH gate number",
  "FTTHSubscriberNumber": "FTTH subs number",
  "gateProductivity": "Gate productivity",
  "totalCabinet": "Total cabinet",
  "cabinetWithoutSubscription": "Cabinet without subs",
  "NonSubscriberCabinetRate": "Ratio of cabinet without subs",
  "cabinetWithFewSubscribers": "Cabinet with few subs",
  "RatioOfCabinetsWithFewSubscribers": "Ratio of cabinet with few subs",
  "ADSLMarketShare": "ADSL market share",
  "content": "Content",
  "InternetInformationInterruption": "Internet information interruption",
  "interruptionOfTelevisionInformation": "Interruption of television information",
  "infraDevelopTitle": "Project management/building/urban area",
  "byType": "By Type",
  "chooseDistrict": "Choose district",
  "residential": "Dân cư",
  "condominium": "Chung cư",
  "industrialAreaUrbanArea": "KCN/KĐT",
  "residentialArea": "KDC",
  "infraOther": "Khác (Resort/TTTM...)",
  "industry": "Công nghiệp",
  "byProgress": "By Progress",
  "connected": "Đã tiếp xúc",
  "signed": "Đã ký HĐ",
  "signedLabel": "Signed",
  "buildingFinish": "Hoàn thành",
  "constructing": "Đang thi công",
  "offeredServices": "Đã cung cấp DV",
  "total": "Total",
  "carryOutTheContract": "Constructing",
  "AcceptanceAndPutIntoUse": "Acceptance and put into use",
  "BTSLocation": "BTS location",
  "accordingToThePlan": "By plan",
  "accordingToImplementation": "By implementation",
  "routeGPON": "Tuyến GPON",
  "putIntoUndergroundUse": "Put into underground use",
  "DeployingProjectsOfBuildings": "Deployment projects <span>(Building, urban area, industrial)</span>",
  "rule": "Rule",
  "quantity": "Quantity",
  "deployment": "Deployment",
  "deploymentDATN": "Deploy DATN",
  "deployTransmission": "Deploy transmission",
  "undergroundLine": "Underground line",
  "completedExecution": "Perform deployment",
  "deployingBTSBroadcasting": "Deploying BTS broadcasting",
  "locationOfBTSCosite": "Location of BTS Cosite",
  "all": "All",
  "maintenance": "Maintenance",
  "group": "Group",
  "stationHouse": "Nhà trạm",
  "FiberLine": "Tuyến cáp",
  "airConditioner": "Điều hòa",
  "monthTime": "{{count}} tháng/lần",
  "1month/time": "1 tháng/lần",
  "2month/time": "2 tháng/lần",
  "3month/time": "3 tháng/lần",
  "6month/time": "6 tháng/lần",
  "12month/time": "12 tháng/lần",
  "24month/time": "24 tháng/lần",
  "period": "Period",
  "plan": "Plan",
  "done": "Done",
  "notYetFinished": "Not yet finished",
  "transmissionProblem": "Transmission problem",
  "generator": "Máy phát",
  "viewCount_zero": "{{count}} View",
  "viewCount_one": "{{count}} View",
  "viewCount_other": "{{count}} Views",
  "qualityChart": "(Quantity)",
  "finish": "Finish",
  "noImages": "No images",
  "listImage": "Photos",
  "listInfra": "List infrastructure",
  "listInfraGPON": "List infrastructure GPON",
  "listBattery": "List battery-loading time",
  "listMobile": "List mobile",
  "listStation": "List Station",
  "listGenerator": "List generator",
  "searchStation": "Search station",
  "downloadFile": "Download file",
  "downloadFileSuccess": "Download file success",
   "downloadFileError": "Download file error",
  "search": "Search",
  "noData": "No data",
  "showRecord": "Show the record",
  "outOf": "out of"
}
