{
  "recordsInTotal": "{{ total }} records in total",
  "Different": "Different",
  "Active": "Active",
  "Inactive": "Inactive",
  "Error": "Error",
  "Warning": "Warning",
  "Success": "Success",
  "uppercase": "{{value, uppercase}}",
  "capitalize": "{{value, capitalize}}",
  "lowercase": "{{value, lowercase}}",
  "Ago": "Ago",
  "Hide": "Hide",
  "Show": "Show",
  "Search": "Search",
  "view": "View",
  "views": "Views",
  "Views": "Views",
  "Public": "Public",
  "NotFoundData": "Data not found",
  "CreateExcel": "Import from excel",
  "ReadExcel": "Read excel file",
  "Instruction": "Instruction",
  "GuideExcelStep1": "1. Download the excel file",
  "GuideExcelStep2": "2. Insert data into the template file",
  "GuideExcelStep3": "3. Choose file and read file",
  "ChooseFile": "Choose file",
  "DownloadExample": "Download template file",
  "Create": "Create",
  "Ok": "OK",
  "Description": "Description",
  "Confirm": "OK",
  "All": "All",
  "Latest": "Latest",
  "Previous": "Previous",
  "ReportName": "Report name",
  "SearchReport": "Search report",
  "EnterReportName": "Enter report name",
  "fieldRequiredMin": "Minimum value is {{value}}",
  "fieldRequiredMax": "Maximum value is {{ value }}",
  "fieldRequiredIntegerMinMax": "{{ field }} can only be an integer from {{min}} to {{max}}",
  "fieldSignAndSpecial": "{{ field }} does not allow diacritics and special characters",
  "SomeThingError": "An error has occurred",
  "fieldRequired": "{{ field }} is required",
  "fieldRequiredSelect": "{{ field }} is required",
  "ThisFieldRequired": "This field is required",
  "NoData": "No data",
  "LackingData": "Lacking data",
  "Delete": "Delete",
  "DeleteConfirm": "Are you sure to delete {{ label }}",
  "DeleteDepartmentConfirm": "Are you sure to delete department {{ label }}",
  "Upload": "Upload ",
  "successRecord": "success record",
  "ViewDetails": "View details",
  "Share": "Share",
  "Shared": "Shared",
  "RecordInTotal": "<red>{{total}}</red> {{prefix}} in total",
  "ResultInTotal": "<red>{{total}}</red> {{prefix}} in total",
  "ProjectInTotal": "<red>{{total}}</red> {{prefix}} in total",
  "UploadRecordSuccess": "Upload <blue>{{total}}</blue> {{prefix}} success",
  "UploadRecordFail": "<red>{{total}}</red> error {{prefix}}",
  "Action": "Action",
  "Download": "Download",
  "Total": "Total",
  "record": "record",
  "records": "records",
  "System": "System",
  "Domain": "Domain",
  "result": "result",
  "Status": "Status",
  "UpdatedDate": "Updated date",
  "CreatedDate": "Created date",
  "Second": "Second",
  "Minute": "Minute",
  "Hour": "Hour",
  "Day": "Day",
  "Date": "Date",
  "DayOfMonth": "Day (of month)",
  "DayOfWeek": "Day (of week)",
  "Week": "Week",
  "Month": "Month",
  "Quarter": "Quarter",
  "Year": "Year",
  "Hourly": "Hourly",
  "Daily": "Daily",
  "Weekly": "Weekly",
  "From": "From",
  "To": "To",
  "ChooseTime": "Choose time",
  "FromDay": "From",
  "ToDay": "To",
  "FromWeek": "From week",
  "ToWeek": "To week",
  "FromMonth": "From month",
  "ToMonth": "To month",
  "FromQuarter": "From quarter",
  "ToQuarter": "To quarter",
  "FromYear": "From year",
  "ToYear": "To year",
  "Deviant": "Deviant",
  "SeeMore": "See more",
  "ClickShowDetail": "Click to see details",
  "Country": "Country",
  "Example": "Example",
  "Unidentified": "Unidentified",
  "DayOfMonth1": "January",
  "DayOfMonth2": "February",
  "DayOfMonth3": "March",
  "DayOfMonth4": "April",
  "DayOfMonth5": "May",
  "DayOfMonth6": "June",
  "DayOfMonth7": "July",
  "DayOfMonth8": "August",
  "DayOfMonth9": "September",
  "DayOfMonth10": "October",
  "DayOfMonth11": "November",
  "DayOfMonth12": "December",
  "DayOfWeek1": "Monday",
  "DayOfWeek2": "Tuesday",
  "DayOfWeek3": "Wednesday",
  "DayOfWeek4": "Thursday",
  "DayOfWeek5": "Friday",
  "DayOfWeek6": "Saturday",
  "DayOfWeek7": "Sunday",
  "button": {
    "Search": "Search",
    "View": "View",
    "Create": "Create",
    "Delete": "Delete",
    "Cancel": "Cancel",
    "Edit": "Edit",
    "Update": "Update",
    "CreateExcel": "Import from excel",
    "Save": "Save",
    "Back": "Back",
    "SeeAll": "See all",
    "Ok": "OK",
    "Close": "Close",
    "Share": "Share",
    "Send": "Send",
    "Return": "Return",
    "Select": "OK",
    "Download": "Download"
  },
  "title": {
    "viewDetailReport": "Report list / View report details"
  },
  "table": {
    "displayOrder": "No.",
    "createdBy": "Created by",
    "createdAt": "Created at",
    "action": "Action",
    "updatedAt": "Updated at",
    "updatedBy": "Updated by"
  },
  "enum": {
    "field": {
      "tele": "Telecommunication",
      "tech": "IT"
    },
    "achievedFlow": {
      "negative": "Negative flow",
      "positive": "Positive flow"
    }
  },
  "utilities": "Utilities",
  "switchBTS": "Switch to Profile station/province",
  "viewCount": "Views {{count}}",
  "managementSystem": "Management system",
  "netbiApp": "NETBI",
  "btsApp": "Station/Province",
  "chosenApp": "Choose application",
  "accountNotFound": "Account does not exist in the system",
  "errorSetup": "Something went wrong setup application",
  "reset": "Reset"
}
