{
  "listReportTableau": {
    "header": {
      "title": "Tableau report list"
    },
    "title": "Project list",
    "filter": {
      "project": {
        "label": "Project",
        "placeholder": "Enter project name"
      }
    },
    "message": "Report does not exist"
  },
  "listWorkbook": {
    "header": {
      "title": "Workbook list"
    },
    "title": "Project",
    "owner": "Owner",
    "datetime": "Datetime",
    "filter": {
      "workbook": {
        "label": "Workbook",
        "placeholder": "Enter workbook name"
      }
    }
  },
  "listViews": {
    "header": {
      "title": "Views list"
    },
    "title": "Project",
    "owner": "Owner",
    "filter": {
      "views": {
        "label": "Views",
        "placeholder": "Enter view name"
      }
    }
  },
  "listReportKpi": {
    "header": {
      "title": "KPI report list"
    },
    "name": "KPI report",
    "title": "KPI report list",
    "titleDetail": "KPI report details",
    "filter": {
      "name": {
        "label": "KPI report name",
        "placeholder": "Enter KPI report name"
      }
    },
    "action": {
      "create": "Create new KPI report"
    },
    "table": {
      "name": "KPI report name"
    },
    "form": {
      "create": "Create new KPI report",
      "edit": "Edit new KPI report",
      "setting": "Setting",
      "data": "Data",
      "layout": "Layout",
      "row": "Row",
      "rowValidate": "Note: Row number must be >={{ min }} and <={{ max }}",
      "column": "Column",
      "columnValidate": "Note: Column number must be >={{ min }} and <={{ max }}",
      "name": "KPI report name",
      "namePlaceholder": "Enter KPI report name",
      "description": "KPI description",
      "descriptionPlaceholder": "Enter KPI description",
      "groupKpi": "Domain",
      "groupKpiPlaceholder": "Choose domain",
      "groupKpiOption": "Choose domain name",
      "nameKpi": "KPI name",
      "nameKpiPlaceholder": "Enter KPI name"
    },
    "message": {
      "deleteReportKPISucessfully": "KPI report has been successfully deleted",
      "updateReportKPISucessfully": "KPI report has been successfully updated",
      "createReportKPISucessfully": "KPI report has been successfully created"
    }
  },
  "managerKpi": {
    "header": {
      "title": "KPI management"
    },
    "pageTitle": "Edit KPI configuration",
    "title": "Configuration KPI list",
    "filter": {
      "name": {
        "label": "KPI name",
        "placeholder": "Enter KPI name"
      },
      "code": {
        "label": "KPI code",
        "placeholder": "Enter KPI code"
      },
      "nation": {
        "label": "Nation",
        "placeholder": "Choose nation",
        "option": "Choose nation"
      },
      "field": {
        "label": "Field",
        "placeholder": "Choose field",
        "option": "Choose field"
      },
      "group": {
        "label": "Domain name",
        "placeholder": "Choose domain name",
        "option": "Choose domain name"
      },
      "kpiType": {
        "label": "KPI type",
        "placeholder": "Choose KPI type",
        "option": "Choose KPI type",
        "optionAverage": "Average",
        "optionAccumulated": "Accumulated"
      }
    },
    "table": {
      "name": "KPI name",
      "code": "KPI code",
      "nation": "Nation",
      "field": "Field",
      "group": "Domain name",
      "unit": "Unit",
      "operator": "Operator",
      "direcEvaluate": "Evaluation flow",
      "kpiType": "KPI type",
      "priority": "Priority order",
      "action": {
        "detailInfo": "KPI details",
        "editInfo": "Edit information",
        "editConfig": "Edit configuration",
        "detailConfig": "Configuration details",
        "delete": "Delete KPI"
      }
    },
    "form": {
      "create": "Create new KPI information",
      "edit": "Edit KPI information",
      "detail": "KPI information details",
      "nameKpi": "KPI name (VIE)",
      "nameKpiPlaceholder": "Enter KPI name",
      "description": "Description (VIE)",
      "nameKpiEn": "KPI name (ENG)",
      "nameKpiPlaceholderEn": "Enter KPI name in English. If the field is left empty, it will display KPI name (VIE)",
      "descriptionEn": "Description (ENG)",
      "descriptionValidate": "Character limit: {{ value }}.",
      "codeKpi": "KPI code",
      "codeKpiPlaceholder": "Enter KPI code",
      "nation": "Nation",
      "countryPlaceholder": "Choose nation",
      "field": "Field",
      "fieldPlaceholder": "Choose field",
      "group": "Domain name",
      "groupPlaceholder": "Choose domain name",
      "groupOption": "Choose domain name",
      "priority": "Priority order",
      "priorityPlaceholder": "Enter priority order",
      "unit": "Unit (VIE)",
      "unitEn": "Unit (ENG)",
      "unitPlaceholder": "Enter unit",
      "unitPlaceholderEn": "Enter Unit in English. If the field is left empty, it will display Unit (VIE)",
      "operator": "Operator",
      "operatorPlaceholder": "Choose operator",
      "direcEvaluate": "Evaluation flow",
      "direcEvaluatePlaceholder": "Choose evaluation flow",
      "direcEvaluateNegative": "Negative flow",
      "direcEvaluatePositive": "Positive flow",
      "kpiType": "KPI type",
      "kpiTypePlaceholder": "Choose KPI type",
      "formula": "Variance caculation formula",
      "formulaPlaceholder": "Choose formula",
      "levelKpiTime": "KPI level (time)",
      "levelTime": "Time level",
      "levelKpiTimePlaceholder": "Choose time level",
      "levelKpiSpace": "KPI level (space)",
      "levelSpace": "Space level",
      "levelKpiSpacePlaceholder": "Choose space level",
      "createExcelValide": "Note: Enter code in KPI type",
      "userManager": "Manager",
      "userManagerPlaceholder": "Choose manager",
      "addBy": "Creator",
      "addAt": "Created date",
      "updateBy": "Updater",
      "updateAt": "Updated date",
      "chartType": "Chart Type",
      "linkReport": "Report link ",
      "selectReport": "Choose report",
      "linkReportAdd": "Add report link",
      "linkReportAddProject": "Project",
      "linkReportAddProjectPlaceholder": "Project",
      "linkReportAddWorkbook": "Workbook",
      "linkReportAddWorkbookPlaceholder": "Workbook",
      "linkReportAddViews": "Views",
      "linkReportAddViewsPlaceholder": "Views",
      "config": "Configuration",
      "active": "Active",
      "editConfigTitle": "Report configuration",
      "optionAverage": "Average",
      "optionAccumulated": "Accumulated",
      "time": {
        "Daily": "Daily",
        "Weekly": "Weekly",
        "Monthly": "Monthly",
        "Quarterly": "Quarterly",
        "Yearly": "Yearly"
      },
      "space": {
        "Provincial": "Provincial",
        "Regional": "Regional",
        "National": "National"
      }
    },
    "message": {
      "failedRecords": "error records",
      "errorDetails": "Error details",
      "priorityMust": "Priority must be < 1000",
      "minimumValue": "Minimum value is 1"
    },
    "detailKPI": "KPI configuration details"
  },
  "managerGroupKpi": {
    "header": {
      "title": "Domain management"
    },
    "name": "Domain",
    "title": "Domain list",
    "filter": {
      "name": {
        "label": "Domain name",
        "placeholder": "Enter domain name"
      },
      "field": {
        "label": "Field",
        "placeholder": "Choose field"
      }
    },
    "table": {
      "nameKpi": "Domain name",
      "nameKpiEn": "Domain name (ENG)",
      "field": "Field",
      "priority": "Priority order",
      "linkReport": "Report URL",
      "SQLDay": "SQL (day)",
      "SQLWeek": "SQL (week)",
      "SQLMonth": "SQL (month)",
      "SQLQuater": "SQL (quarter)",
      "SQLYear": "SQL (year)"
    },
    "form": {
      "create": "Create new domain information",
      "edit": "Edit domain information",
      "details": "Domain information details",
      "name": "Domain name (VIE)",
      "namePlaceholder": "Enter domain name",
      "nameEn": "Domain name (ENG)",
      "namePlaceholderEn": "Enter domain name in English. If the field is left empty, it will display domain name (VIE)",
      "code": "Domain code",
      "codePlaceholder": "Enter domain code",
      "field": "Field",
      "fieldPlaceholder": "Choose field",
      "priority": "Priority order",
      "priorityPlaceholder": "Enter priority order",
      "linkReport": "Report URL",
      "linkReportPlaceholder": "Enter Report URL",
      "SQLDay": "SQL (day)",
      "SQLWeek": "SQL (week)",
      "SQLMonth": "SQL (month)",
      "SQLQuater": "SQL (quarter)",
      "SQLYear": "SQL (year)",
      "SQLPlaceholder": "Enter SQL",
      "ownerDivision": "Owning department",
      "ownerDivisionPlaceholder": "Choose owning department",
      "selectUnit": "Choose department"
    },
    "message": {
      "deleteGroupKPI": "Domain has been successfully deleted",
      "updatedGroupKPI": "Domain has been successfully updated",
      "createGroupKPI": "Domain has been successfully created"
    }
  },
  "configTarget": {
    "target": "target",
    "header": {
      "title": "Target configuration"
    },
    "editTitle": "Edit target configuration",
    "title": "Target list",
    "filter": {
      "code": {
        "label": "KPI code",
        "placeholder": "Enter KPI code"
      },
      "year": {
        "label": "Year",
        "placeholder": "Choose year"
      },
      "nation": {
        "label": "Nation",
        "placeholder": "Choose nation"
      },
      "region": {
        "label": "Region",
        "placeholder": "Choose region"
      },
      "province": {
        "label": "Province",
        "placeholder": "Choose province"
      }
    },
    "action": {
      "create": "Add target",
      "delete": "Delete target",
      "edit": "Edit from excel"
    },
    "table": {
      "kpiCode": "KPI code",
      "kpiName": "KPI name",
      "unit": "Unit",
      "condition": "Condition",
      "january": "Jan",
      "february": "Feb",
      "march": "Mar",
      "april": "Apr",
      "may": "May",
      "june": "Jun",
      "july": "Jul",
      "august": "Aug",
      "september": "Sep",
      "october": "Oct",
      "november": "Nov",
      "december": "Dec",
      "year": "Year",
      "dataRange": "Data range",
      "targetLevel": "Target level",
      "nation": "Nation",
      "action": "Action"
    },
    "message": "Invalid target value"
  }
}
