{
  "configSlide": {
    "text": "Slide configuration",
    "list": "Slide list",
    "enter": "Please enter slide name",
    "create": "Create new slide",
    "edit": "Edit slide",
    "delete": "Delete slide",
    "duplicate": "Duplicate slide",
    "unitShared": "Đơn vị được chia sẻ",
    "name": "Slide name",
    "fileName": "File name",
    "downloadFile": "Download file",
    "totalAttachedFiles": "Total attached files:",
    "share": {
      "title": "Chia sẻ slide {{ name }} cho đơn vị"
          },
    "detail": {
      "title": "Danh sách đơn vị được chia sẻ slide {{ name }}"
    },
    "preview": {
      "text": "Slide configuration / View slide details",
      "slideShow": "Slide show",
      "chooseTime": "Choose time for automatic slide show (s)",
      "attachedFile": "Attached file"
    },
    "add": {
      "data": "Data",
      "chooseReport": "Choose report type",
      "addAttachedFile": "Import attached files"
    },
    "tableDownload": {
      "nameFile": "File name",
      "nameReport": "Report name",
      "addAt": "Created at",
      "addBy": "Created by"
    },
    "action": {
      "detail": "View slide detail",
      "edit": "Edit slide",
      "download": "Attached file",
      "share": "Share slide",
      "delete": "Delete slide"
    },
    "message": {
      "uploadFileSuccessfully": "File has been successfully uploaded",
      "deleteFileSuccessfully": "File has been successfully deleted",
      "fileDoesNotHaveTheCorrectStructure": "File does not have the correct structure",
      "maximumSizeFile": "This file is too large. Allowed maximum size is 5MB",
      "deleteSlideSuccessfully": "Slide has been successfully deleted",
      "slideNameAlreadyExists": "This slide name already exists",
      "deleteSlideFailed": "Error deleting slide",
      "updateSlideSuccessfully": "Slide has been successfully updated",
      "createSlideSuccessfully": "Slide has been successfully created",
      "slideNameIsRequired": "Slide name is required"
    }
  }
}
