{
  "report": {
    "name": "Report name",
    "nameRequiredMaxLength": "Max is {{ value }} search characters",
    "like": "Favourite",
    "unLike": "Remove favourite",
    "type": {
      "text": "Report type",
      "tableau": "Tableau report",
      "kpi": "KPI report",
      "permanent": "Rermanent report"
    },
    "mail": {
      "title": "Periodic report sending schedule list",
      "search": "Search periodic report sending schedule ",
      "state": "State",
      "actionEdit": "Edit periodic report sending schedule",
      "actionDelete": "Delete periodic report sending schedule",
      "delete": "periodic report sending schedule",
      "new": "Create periodic report sending schedule",
      "edit": "Edit periodic report sending schedule",
      "add": "Create report sending schedule",
      "name": "Report sending schedule name",
      "namePlaceholder": "Enter sending schedule name",
      "nameRequiredMaxLength": "Report sending schedule name max is {{ value }} characters",
      "nation": "Nation",
      "region": "Region",
      "regionPlaceholder": "Nation",
      "dataLevel": "Data range",
      "receiver": "To",
      "receiverPlaceholder": "Enter email",
      "frequencySendMail": "Mail sending frequency",
      "startDate": "From time",
      "toDate": "To time",
      "dayOfWeek": "Day of week",
      "chooseDayOfWeek": "Choose day of week",
      "hours": "Hour",
      "minutes": "Minute",
      "statusSend": "Sending schedule state",
      "sendNowTitle": "Send ",
      "sendNowMessage": "Are you sure to send report now",
      "deleteSuccess": "Delete periodic report sending schedule success",
      "deleteErr": "Delete periodic report sending schedule failed",
      "selectView": "Choose view",
      "send": "Send mail",
      "noComment": "There are no comments to show",
      "enter": "Please enter",
      "validate": {
        "type": "You must fill out this field"
      },
      "sendNow": "Send now",
      "sendByScheduled": "Schedule",
      "hourly": "Hourly",
      "daily": "Daily",
      "weekly": "Weekly",
      "chooseDate": "Choose date",
      "chooseHour": "Choose hour",
      "scheduledSend": "Schedule",
      "success": "Your mail has been successfully sent",
      "error": "Error sending email",
      "youNeedToFillInThisInformationCorrectly": "You must fill out this field correctly",
      "mailDoesNotFormat": "Invalid mail format",
      "daySelection": {
        "monday": "Monday",
        "tuesday": "Tuesday",
        "wednesday": "Wednesday",
        "thursday": "Thursday",
        "friday": "Friday",
        "saturday": "Saturday",
        "sunday": "Sunday"
      }
    },
    "share": {
      "mail": "Mail",
      "report": "Share report",
      "confirm": "Are you sure to share this report?",
      "success": "Your report has been successfully shared",
      "error": "Error sharing report"
    },
    "comment": {
      "text": "Comment",
      "reply": "Reply",
      "addComment": "Write a comment",
      "validate": {
        "required": "Please enter comment",
        "requiredBeforeSend": "You need to enter before you post a comment"
      },
      "uploadSuccess": "Your comment has been successfully uploaded",
      "self": "You",
      "delete": "Delete comment",
      "deleteSuccess": "Your comment has been successfully deleted",
      "errorComment": "An error commenting"
    },
    "listReport": {
      "list": "Report list",
      "type": "Report type",
      "name": "Report name",
      "search": "Search session",
      "moveSuccess": "Your session have been successfully moved!",
      "moveFailed": "Fail to move session",
      "moveTop": "Move to top",
      "moveUp": "Move to 1 row above",
      "moveDown": "Move to 1 row below",
      "session": {
        "name": "Session name",
        "add": "Add session",
        "addNew": "Add new session",
        "addSuccess": "Session has been successfully created",
        "addFailed": "Fail to add new session",
        "edit": "Edit session",
        "editSuccess": "Session has been successfully updated",
        "editFailed": "Fail to update session",
        "delete": "Delete session",
        "deleteSuccess": "Session has been successfully deleted",
        "deleteFailed": "Fail to delete session",
        "validate": {
          "session": "Please enter session name",
          "sessionMaxLength": "Session name max is {{ value }} characters",
          "description": "Please enter description",
          "descriptionMaxLength": "Description max is {{ value }} characters"
        }
      },
      "detailReport": {
        "add": "Add report",
        "addNew": "Add new report",
        "delete": "Delete report",
        "deleteSelected": "Delete selected items",
        "selectedReport": "the selected report",
        "addInSession": "Add report to session",
        "project": "Project",
        "chooseProject": "Choose project",
        "workbook": "Workbook",
        "searchWorkbook": "Search workbook",
        "success": "Report has been successfully created!",
        "failed": "Fail to create report"
      },
      "tableauReport": "Tableau report",
      "permanentReport": "Permanent report",
      "kpiReport": "KPI report"
    },
    "favouriteReport": {
      "text": "Favourite report",
      "list": "Favourite report list"
    },
    "message": {
      "deleteReportSuccessfully": "Report has been successfully deleted",
      "deleteReportFailed": "Fail to delete report",
      "queryError": "Query error, please try again later"
    }
  }
}
