{
  "status": {
    "underConstruction": "Constructing",
    "waitingIntegrated": "Waiting for integration",
    "integrationNotWorkingYet": "Not yet working",
    "active": "Working",
    "waitingCancel": "Waiting for cancellation",
    "cancelled": "Cancelled",

    "inProgress": "Integrating",
    "notActive": "Not active",
    "integrated": "Integrated",
    "notCompleted": "Not completed",
    "completed": "Completed",
    "inspecting": "Inspecting",
    "yes": "Yes",
    "no": "No",
    "renovator": "Renovator home",
    "stationPrimary": "Primary station",
    "containerHome": "Container home"
  },
  "mapType": "Map type",
  "mapDefault": "Map default",
  "mapSatellite": "Map satellite",
  "mapTerrain": "Map terrain",
  "enterSearch": "Enter information to search",
  "suggestForU": "Suggested for you",
  "notFoundStation": "Cannot find station",
  "enterToSearch": "Please enter again to continue searching",
  "systemError": "System error",
  "refreshPage": "Please reload the page to try again.",
  "refresh": "Refresh",
  "searchNear": "Recently searched",
  "tutorialLocation": {
    "2": "To allow changes, click the lock icon in the bottom left.",
    "1": "On your computer, open <b>System Preferences</b> > <b>Privacy and Security Options</b> > <b>Privacy</b> > <b>Services</b> location.</b>",
    "3": "Check the box next to <b>Enable Location Services</b>.",
    "4": "Check the box next to your browser.",
    "5": "Give Maps permission to access location information in your browser."
  },
  "detail": {
    "location": "Locality:",
    "address": "Address: ",
    "stationType": "Station type:",
    "broadcastDate": "Broadcast date: ",
    "contractTerm": "Contract term: ",
    "host": "Host: ",
    "manager": "Manage: ",
    "sdt": "SDT: ",
    "direct": "Direct",
    "saveStation": "Save station",
    "infrastructure": "Infrastructure",
    "performance": "Performance",
    "maintain": "Maintain",
    "currentWarn": "Warning",
    "service": "Services",
    "electromechanical": "Electromechanical",
    "stationMaintenance": "Station maintenance",
    "equipmentMaintenance": "Equipment maintenance",
    "overview": "Overview",
    "incidentHistory": "Incident history",
    "listImage": "Photos",
    "last7days": "Last 7 days",
    "last30days": "Last 30 days",
    "last90days": "Last 90 days",
    "optional": "Optional",
    "all": "All",
    "unfinished": "Unfinished",
    "inProgress": "In progress",
    "finished": "Finished",

    "electromechanicalContent": "Electromechanical content",
    "electricityGrid": "Electricity grid:",
    "hasGenerator": "Has generator:",
    "generatorSettingStatus": "Generator setting status:",
    "generatorType": "Generator type:",
    "generatorCapacity": "Generator capacity:",
    "hasATS": "Has ATS:",
    "hasConditioner": "Has conditioner:",
    "usedTGLB": "Used TGLB:",
    "dischargeTimeBattery": "Discharge time battery:",
    "batteryCount": "Battery count:",

    "subscriberNStationTraffic": "Subscriber and station traffic: ",
    "subscriberCount": "Subscriber count: ",
    "traffic": "Traffic: ",
    "mobilePerformance": "Mobile performance: ",
    "subscriberCDBRCount": "Subscriber CĐBR count: ",
    "portPerformanceCDBR": "Port performance CĐBR: ",

    "point": "Point: ",
    "crSeri": "CR seri: ",
    "networkNodeCode": "Network node code: ",
    "startTime": "Start time: ",
    "endTime": "End time: ",
    "status": "Status: ",
    "performer": "Performer: ",

    "warningContent": "Warning content",
    "incidentName": "Incident name: ",
    "incidentTime": "Incident time: ",
    "processingTime": "Processing time: ",
    "causal": "Causal: ",
    "solution": "Solution: ",
    "deviceCode": "Device code: ",

    "generalInformation": "General information",
    "subscribersMarketShare": "Subscribers market share",
    "flowTrends": "Flow trends",
    "technicalManager": "Technical manager",
    "resourceHTML": "Resource",
    "infrastructureDevelopment": "Infrastructure development",
    "VHKTCLM": "VHKT & CLM",
    "warning": "Warning",
    "utilities": "Utilities"
  },
  "enterInfoSearch": "Enter search information",
  "loadingMore": "Loading more...",
  "resultSearch": "Search results",
  "titleSavedStationList": "Saved stations list",
  "subTitleSavedStationList": "Fast and easy to find stations whose addresses have been saved before",
  "viewCount": "{{ count }} views",
  "viewSavedList": "View saved lists",
  "edit": "Edit",
  "unSave": "Un saved",
  "completed": "Completed"
}
