{
  "common": {
    "ok": "OK",
    "cancel": "Cancel",
    "back": "Back",
    "setting": "Setting",
    "or": "or",
    "refresh": "Reload",
    "yes": "Có",
    "no": "Không",
    "download": "Download",
    "emptyNumber": "-"
  },
  "errors": {
    "missingKey": "Missing key",
    "noData": "No data",
    "dataNotFound": "Cannot find data ",
    "unableLoadData": "Unable to load data.",
    "serverError": "There was an error from the server.\nPlease try again later!",
    "default": "Unknown error.\nPlease try again later!",
    "timeout": "Request execution timeout.\nPlease try again later!",
    "systemError": "System error",
    "refreshPage": "Please refresh the page to try again.",
    "noDataDisplayed": "No data displayed"
  },
  "tx": {
    "home": "Home",
    "save": "Save",
    "unsave": "Unsave",
    "suggestionForYou": "Suggested for you",
    "recentSearch": "Recently searched",
    "searchResult": "Search results",
    "locality": "Locality: ",
    "address": "Address: ",
    "stationTypeValue": "Station type: ",
    "stationType": "Station type",
    "timePublic": "Broadcast date: ",
    "timeEndContract": "Contract duration: ",
    "host": "Host: ",
    "manager": "Manager: ",
    "phone": "Telephone number: ",
    "saveStation": "Save",
    "saved": "Saved",
    "infrastructure": "Infrastructure",
    "maintenance": "Maintenance",
    "vhkt_station": "Nhà trạm",
    "currentWarning": "Warning",
    "service": "Services",
    "electromechanical": "Electromechanics",
    "stationMaintenance": "Station maintenance",
    "deviceMaintenance": "Equipment maintenance",
    "overview": "Overview",
    "incidentHistory": "Problem history",
    "stationProfile": "Station profile",
    "provinceProfile": "Provincial profile",
    "unitReport": "Unit report",
    "favoriteReport": "Favourite report",
    "myAccount": "Account",
    "provincialGeneralStation": "Tổng trạm tỉnh",
    "electromechanicalContent": "Electromechanics",
    "electricityGrid": "Power grid state: ",
    "hasGenerator": "Station installs fixed generators: ",
    "generatorSettingStatus": "Generator's installation state: ",
    "generatorType": "Generator type: ",
    "generatorCapacity": "Generator wattage: ",
    "hasATS": "Station has ATS: ",
    "hasConditioner": "Station has air conditioner: ",
    "usedTGLB": "Station uses TGLB: ",
    "dischargeTimeBattery": "Battery-loading time: ",
    "batteryCount": "Number of battery groups: ",
    "subscriberNStationTraffic": "Station subscription & traffic",
    "subscriberCount": "Number of mobile subscribers: ",
    "trafficTitle": "Traffic: ",
    "mobilePerformance": "Mobile efficiency: ",
    "subscriberCDBRCount": "ADSL subscription number: ",
    "portPerformanceCDBR": "ADSL port efficiency: ",
    "tLast7days": "Last 7 days",
    "tLast30days": "Last 30 days",
    "tLast90days": "Last 90 days",
    "tLast5Weeks": "Last 5 weeks",
    "tLast10Weeks": "Last 10 weeks",
    "tLast15Weeks": "Last 15 weeks",
    "tLast20Weeks": "Last 20 weeks",
    "optional": "Optional",
    "all": "All",
    "allLabel": "All",
    "unfinished": "Chưa hoàn thành",
    "unfinishedLabel": "Unfinished",
    "inprogress": "Solving",
    "finished": "Hoàn thành",
    "finishedLabel": "Finished",
    "finish": "Finish",
    "point": "Total points: ",
    "crSeri": "CR/WO Number: ",
    "networkNodeCode": "Network node code: ",
    "content": "Content",
    "contentValue": "Content: ",
    "startTime": "Start time: ",
    "endTime": "End time: ",
    "status": "Status: ",
    "statusTitle": "State",
    "performer": "Performer: ",
    "cabinetName": "Cabinet name: ",
    "cabinetNameOnNode": "Cabinet name on node: ",
    "cabinetNameNIMS": "Cabinet name NIMS: ",
    "cellName": "Cell name: ",
    "stationCodeNIMS": "Station code NIMS: ",
    "faultName": "Fault name: ",
    "keyword": "Keyword: ",
    "vendor": "Vendor: ",
    "contentEvent": "Content event: ",
    "typeStation": "Type station: ",
    "occurredTime": "Occurred time: ",
    "warningContent": "Warning content",
    "incidentName": "Problem name: ",
    "incidentTime": "Estimated start time: ",
    "processingTime": "Expected end time: ",
    "causal": "Reason: ",
    "solution": "Solution: ",
    "deviceCode": "Device code: ",
    "infrastructureDevelopment": "Infra development",
    "warning": "Warning",
    "utilities": "Utilities",
    "transmissionProblem": "Transmission problem: ",
    "numOfTurns": "%{num} times",
    "opticalFiber": "Optic fiber",
    "generator": "Generator",
    "quantity": "Quantity",
    "ratio": "Proportion",
    "ratioPercent": "%{ratio}%",
    "totalNumOfPositions": "Total number of locations",
    "mobileLocation": "Mobile location",
    "CĐBRLocation": "ADSL location",
    "transmission": "Transmission",
    "optical": "Optical",
    "microwave": "Microwave",
    "numOfRoute": "Number of lines",
    "numOfKm": "Total km",
    "total": "Total",
    "other": "Others",
    "buildingOther": "Khác",
    "mobile": "Mobile",
    "subscription": "Subscription",
    "subscriptionPerDay": "Average subscription/day",
    "voiceTrafficPerTotal": "Mobile traffic/Total (Erl)",
    "dataTrafficPerTotal": "Data traffic/Total (TB)",
    "2G": "2G",
    "3G": "3G",
    "4G": "4G",
    "5G": "5G",
    "TU2G": "TU 2G",
    "TU3G": "TU 3G",
    "TU4G": "TU 4G",
    "TU5G": "TU 5G",
    "marketShare": "Market share",
    "CĐBRTH": "ADSL & Television",
    "numOfSubscription": "Number of subscription",
    "numOfHousehold": "Household number",
    "FTTH": "FTTH",
    "TH": "TH",
    "FTTHPerHousehold": "FTTH/household",
    "THPerHousehold": "TH/household",
    "VNPT": "VNPT",
    "FPT": "FPT",
    "quantityValue": "Total: %{quantity}",
    "ratioValue": "Proportion: %{ratio}%",
    "notProvidedValue": "Not provided: %{value}",
    "providedValue": "Provided: %{value}",
    "voiceTraffic": "Mobile traffic",
    "dataTraffic": "Data traffic",
    "tLast1Month": "Last 1 month",
    "tLast3Month": "Last 3 months",
    "tLast6Month": "Last 6 months",
    "tLast9Month": "Last 9 months",
    "tLast12Month": "Last 12 months",
    "stationInformation": "Station information",
    "numOfPositionStation": "Station location number",
    "nationalAxis": "National axis/international",
    "districtGeneralStation": "Total district station",
    "macro": "Macro",
    "RRU": "RRU",
    "batteryBackupTime": "Battery-loading time",
    "largerOr8h": ">= 8 hours",
    "largerOr4h": ">= 4 hours - < 8 hours",
    "largerOr2h": ">= 2 hours - < 4 hours",
    "largerOr1h": ">= 1 hour - < 2 hours",
    "largerOr30m": ">= 30 minutes - < 1 hour",
    "otherHours": "Other",
    "stationQuality": "Station quality",
    "100Point": "100 points",
    "85To100Point": "85 to 100 points",
    "under85Point": "Under 85 points",
    "hasSeriousError": "Having severe errors",
    "layout": "Distribution",
    "ATSFixed": "Fixed installation - ATS",
    "CTVFixed": "Fixed installation - CTV",
    "techniqueFixed": "Fixed installation - Engineering",
    "rotationAtStation": "Rotation - At station",
    "fixedPosition": "Fixed installation",
    "noMachineOnSite": "No available equipments",
    "month": "Month",
    "quarter": "Quarter",
    "year": "Year",
    "networkQuality": "Network quality",
    "numsOfKPI": "KPI number",
    "kpiNotAchieved": "Not achieved KPI",
    "kpiAchieved": "Achieved KPI",
    "kpiNoData": "KPI with no data",
    "notAchieved": "Not achieved",
    "achieved": "Achieved",
    "target": "Target",
    "informationInterruptionStation": "Station",
    "currentStatus": "Status",
    "timeGDTT": "Time (minute)",
    "reality": "Reality",
    "expected": "Expectation",
    "district": "District",
    "construction": "Công trình",
    "plan": "Plan",
    "perform": "Performed",
    "completePercent": "% Finish",
    "BTSStation": "BTS broadcast",
    "AON": "AON",
    "GPON": "GPON",
    "solidNFortified": "Kiên cố\nCủng cố",
    "acceptance": "Acceptance",
    "handOver": "Delegation",
    "newsite": "newsite",
    "cosite": "Cosite",
    "numOfNIMSPortal": "NIMS (gate)",
    "numOfPullCable": "Pulling fiber (Km)",
    "numOfImplicit": "Underground (Km)",
    "undergroundRoute": "Underground line",
    "numOfColumn": "Cột (trạm)",
    "station": "Station",
    "numOfTDRoute": "Tuyến TD",
    "BTSLocation": "BTS location",
    "auxiliaryBTS": "BTS phụ trợ",
    "buildingManagement": "Project management/building/urban area",
    "byType": "By type",
    "byBuildingType": "By type",
    "residential": "Dân cư",
    "urbanArea": "KĐT",
    "apartment": "Chung cư",
    "industrial": "Công nghiệp",
    "otherBuilding": "Khác (Resort/TTTM)",
    "residentialArea": "KDC",
    "byProgress": "By progress",
    "contacted": "Đã tiếp xúc",
    "signedContract": "Đã ký HĐ",
    "underConstruction": "Đang thi công",
    "serviceProvided": "Đã cung cấp DV",
    "statusFinish": "Hoàn thành",
    "projectDetail": "Project details",
    "classify": "Category",
    "buildingStatus": "Condition",
    "perfomance": "Performance",
    "compareWithCompetitors": "Comparison with competitors",
    "selectDistrict": "Choose district",
    "GPONPortInfrastructure": "GPON gate infrastructure",
    "numberOfFTTHPort": "FTTH gate number",
    "numOfFTTHSubscription": "FTTH subs number",
    "cabinetMultiSubscription": "Cabinet with multi subs",
    "cabinetFewSubscription": "Cabinet with few subs",
    "cabinetNoSubscription": "Cabinet without subs",
    "portPerfomance": "Gate productivity",
    "ratioCabinetFewSubscription": "Ratio of Cabinet with few subs",
    "ratioCabinetNoSubscription": "Ratio of Cabinet without subs",
    "totalCabinet": "Total cabinet",
    "area1": "KV1",
    "area2": "KV2",
    "area3": "KV3",
    "marketShareFixedBroadband": "ADSL market share",
    "maintainingNetworkInfrastructure": "Network infrastructure maintainence",
    "group": "Group",
    "cycle": "Period",
    "cycleValue": "%{cycle} tháng/lần",
    "cyclesValue": "%{cycle} tháng/lần",
    "canton": "Total",
    "threshold": "Threshold",
    "result": "Result",
    "KPINetworkQuality": "KPI network quality",
    "KPIInfrastructureDevelopment": "KPI infrastructure development",
    "NetBI": "NetBI",
    "BTS360": "Station/Province Profile",
    "toolDes": "Management system",
    "5KVA": ">=5 - <10",
    "10KVA": ">= 10 - <15",
    "15KVA": ">=15",
    "lessThan5KVA": "<5",
    "report": "Báo cáo",
    "enterAndSearchReport": "Nhập và tìm báo cáo",
    "reportName": "Tên báo cáo",
    "time": "Thời gian",
    "fileType": "Loại file",
    "action": "Hành động",
    "mobileContent": "Mobile services",
    "CDBRContent": "ADSL",
    "hour": " giờ",
    "numOfGPONSub": "Number of used GPON ports: ",
    "numOfAONSub": "Number of used AON ports: ",
    "numOfGPONPortPer": "GPON port performance: ",
    "numOfAONPortPer": "AON port performance: ",
    "getDataDate": "Date of data collection: ",
    "warningEndTime": "Warning end time: ",
    "email": "Email: %{email}",
    "logInByBiometric": "Login by biometrics",
    "logout": "Log out",
    "isBadCellData": "Bad data cell",
    "isBadCellVoice": "Bad call cell",
    "badVideoRate": "Bad Data session rate",
    "badCallRate": "Bad Call session rate",
    "psCssr": "Data session establishment success rate",
    "csCssr": "Rate of successful voice session establishment",
    "psCdr": "Data session drop rate",
    "csCdr": "Voice session drop rate",
    "selectApplication": "Choose application",
    "value": "Value",
    "acceptanceOfTheUnitUsed": "Acceptance and put into use",
    "undergroundUsageUnit": "Put into underground use",
    "byPlan": "By plan",
    "byImplementation": "By implementation",
    "implementingConstructionProject": "Deployment projects",
    "implementingConstructionProjectDes": " (Building, Urban area, Industrial)",
    "deployTransmission": "Deploy transmission",
    "deployingBTSBroadcasting": "Deploying BTS broadcasting",
    "signContractorContract": "Ký HĐNT",
    "contract": "Signed",
    "contractPerformance": "Constructing",
    "deployment": "Deployment",
    "implementingBuildingProject": "Deploy DATN",
    "performDeployment": "Perform deployment",
    "completedExecution": "Completed execution",
    "locationBTS": "BTS location",
    "locationBTSCosite": "Location of BTS Cosite",
    "updatingUI": "Updating user interface",
    "cableLine": "Tuyến cáp",
    "airConditioner": "Điều hòa",
    "dustFilterVentilation": "TGLB",
    "generator1": "Máy phát",
    "dateValue": "Date: %{value}",
    "weekValue": "Week: %{value}",
    "performValue": "Performed: %{value}",
    "targetValue": "Target: %{value}",
    "minute": " minutes",
    "monthValueFull": "%{value}",
    "monthValueSort": "%{value}",
    "totalView": "%{num} view",
    "totalViews": "%{num} views",
    "traffic": "Traffic",
    "interruptData": "Information interruption",
    "fixed": "Permanent",
    "infrastructureOverview": "Infra overview",
    "subscriptionTraffic": "Subscribers & Traffic",
    "subscriptionPerformance": "Subscription & Performance",
    "miningOperationHistory": "Mining & Operation history",
    "language": "Language",
    "changeTo": "Change to",
    "emptyImages": "No images",
    "searchStation": "Search Station",
    "downloadFile": "Download file",
    "numericalOrder": "No.",
    "stationCode": "Station code",
    "addressTitle": "Address",
    "managerTitle": "Manager",
    "managerPhonenumber": "Manager tel.",
    "detailInformation": "Detail information",
    "serial": "Serial",
    "machineType": "Machine type",
    "model": "Model",
    "wattage": "Wattage",
    "performMiningStatus": "Perform mining status",
    "cabinetCode": "Cabinet code",
    "cabinetKPIPerformance": "Cabinet KPI performance",
    "subsPerDay": "Sub/day",
    "planMonth": "Kế hoạch tháng",
    "resultMonth": "Kết quả tháng",
    "ratioMonth": "Tỷ lệ hoàn thành",
    "GPONRoute": "Tuyến GPON",
    "sortAtoZ": "Sort by A -> Z",
    "sortZtoA": "Sort by Z -> A",
    "clearAll": "Clear all",
    "saveFilter": "Save filter",
    "filter": "Bộ lọc",
    "cancel": "Hủy bỏ",
    "findManager": "Tìm kiếm người quản lý",
    "GPONInfrastructure": "Hạ tầng GPON",
    "selectWattage": "Chọn công suất",
    "selectPerformance": "Chọn hiệu suất",
    "selectPerformMiningStatus": "Chọn trạng thái VHKT",
    "selectArrange": "Chọn bố trí",
    "selectStationType": "Chọn loại trạm",
    "selectManager": "Chọn người quản lý"
  },
  "stationStatus": {
    "unknown": "Unknown",
    "building": "Đang xây dựng",
    "waitForIntegration": "Chờ tích hợp",
    "integrationNotActive": "Tích hợp Chưa hoạt động",
    "active": "Đang hoạt động",
    "waitForCancel": "Chờ huỷ",
    "canceled": "Huỷ"
  },
  "station": {
    "placeholder": "Enter information to search",
    "stationSavedTitle": "Saved stations list",
    "stationSavedSubTitle": "Fast and easy to find stations whose addresses have been saved before",
    "notFoundStation": "Cannot find station",
    "enterToSearch": "Please enter again to searching",
    "deleteSuccess": "Unsave station successfully",
    "saveSuccess": "Save station successfully",
    "errorSaveStation": "An error occurred while saving the station",
    "errorDeleteStation": "An error occurred while deleting the station",
    "imageList": "Photos"
  }
}
