{
  "account": {
    "account": "Account",
    "accountDetail": "Account detail",
    "applicationInformation": "Application information",
    "supportCenter": "Support center",
    "chooseLanguage": "Choose language",
    "changeTo": "Change to",
    "bts360": "Station/Province Profile",
    "version": "Version",
    "publishedBy": "PublishedBy",
    "contact": "Contact",
    "userGuide": "User guide",
    "userGuideList": "User guideList",
    "childUnit": "Child department",
    "employee": "Employee",
    "childUnitList": "Child department list",
    "view": "Views",
    "searchReport": "Search report",
    "pleaseEnterReportName": "Enter report name",
    "unitView": "Department views",
    "stt": "No.",
    "reportName": "Report Name",
    "loginByBiometrics": "Login by biometrics",
    "notSupportBiometrics": "Your device does not support biometrics",
    "cancelBiometrics": "Do you want to disable the biometrics login feature?",
    "confirmFingerprint": "Confirm using fingerprint",
    "confirmFaceId": "Confirm using FaceID",
    "deviceNotSetupFingerprint": "Fingerprint has not been activated on this device",
    "pleaseSetupFingerprint": "Please set up fingerprint on your device first",
    "deviceNotSetupFaceID": "FaceID has not been activated on this device",
    "pleaseSetupFaceID": "Please set up FaceID on your device first",
    "tooManyInvalidFingerprint": "Fingerprint is invalid after too many attempts. Please try again later",
    "tooManyInvalidFaceID": "FaceID is invalid after too many attempts. Please try again later",
    "tooManyInvalidBiometrics": "Biometric authentication invalid after too many attempts. Please enter your password to replace it",
    "wrongPassword": "Wrong password!",
    "supportEmail": "Support email",
    "contactNumber": "Phone number",
    "viettelNetworks": "Viettel Networks",
    "utilities": "Utilities",
    "language": "Language"
  },
  "auth": {
    "login": "Login",
    "logout": "Log out",
    "username": "Username",
    "password": "Password",
    "usernameLC": "username",
    "passwordLC": "password",
    "show": "Show",
    "hide": "Hide",
    "wrongPasswordOrUsername": "Wrong password or username",
    "invalidUsername": "Please enter your username",
    "invalidPassword": "Please enter your password",
    "switchAccount": "Login with another account",
    "biometricsHasNotBeenActivated": "Your device has not set up biometric authentication or does not support this function",
    "pleaseSetUpBiometrics": "Please set up biometrics on your device",
    "alertActivatedFingerprint": "Fingerprint login has been activated successfully",
    "alertCancelFingerprint": "Fingerprint login has been disabled successfully",
    "alertAvailableBiometrics": "Your fingerprint login/authentication method has been automatically disabled due to a change in fingerprint setup on your device. Please reactivate this function after login",
    "alertAvailableFaceId": "Your face login/authentication method has been automatically disabled due to a change in face setup on your device. Please reactivate this function after login",
    "outdatedSessionLogin": "Your login session has expired. Please re-login to the application",
    "alertSwitchAccount": "Sign in with another account?",
    "confirmSwitchAccount": "Current account's username will be deleted?",
    "loginToUseBiometric": "You have not set up biometric login",
    "loginToUseBiometricSub": "Please login with password and go to Account to set up Biometric login",
    "tooManyInvalidFingerprint": "Fingerprint is invalid after too many attempts. Please login by password",
    "tooManyInvalidFaceID": "Invalid face exceeded retry limit. Please login with password",
    "captcha": "Captcha",
    "enterCaptcha": "Enter captcha",
    "wrongCaptcha": "Wrong captcha",
    "accountLocked": "The account is temporarily locked due to entering the wrong password too many times. The account will automatically unlock after 5 minutes",
    "accountNotFound": "Account does not exist in the system"
  },
  "calendar": {
    "minuteLC": "minute",
    "hourLC": "hour",
    "dayLC": "day",
    "weekLC": "week",
    "monthLC": "month",
    "quarterLC": "quarter",
    "yearLC": "year",
    "january": "January",
    "february": "February",
    "march": "March",
    "april": "April",
    "may": "May",
    "june": "June",
    "july": "July",
    "august": "August",
    "september": "September",
    "october": "October",
    "november": "November",
    "december": "December",
    "monday": "MON",
    "tuesday": "TUE",
    "wednesday": "WED",
    "thursday": "THU",
    "friday": "FRI",
    "saturday": "SAT",
    "sunday": "SUN"
  },
  "chart": {
    "lack": "Lack",
    "lowAchieved": "achieved",
    "notAchievedLC": "not achieved",
    "continuous": "continuous",
    "comparedToTarget": "",
    "achieved": "Achieved",
    "notAchieved": "Not achieved",
    "achievedKPI": "Achieved KPI",
    "theKPIWithNoData": "The KPI with no data",
    "notAchievedKPI": "Not achieved KPI",
    "theKPIAchievedTarget": "The KPI achieved target",
    "theKPIDidNotAchievedTarget": "The KPI did not achieved target",
    "notAchievedKPIs": "Not Achieved KPI",
    "tooltipChart": {
      "explanation": "Explanation",
      "result": "Result",
      "target": "Target",
      "comparison": "Comparison",
      "performance": "Performance",
      "clickToSeeDetails": "Click to see details",
      "totalAchieved": "Achieved",
      "totalNotAchieved": "Not achieved",
      "totalLack": "Lack"
    }
  },
  "common": {
    "view": "view",
    "search": "v",
    "loading": "Loading",
    "checkAll": "All",
    "all": "All",
    "selected": "selected",
    "shorten": "See less",
    "more": "See more",
    "cancel": "Cancel",
    "ok": "OK",
    "email": "Email",
    "number": "Number",
    "suggestions": "Suggestions",
    "isPlural": "s",
    "hello": "Hello",
    "selectApp": "Choose application",
    "NetBI": "NetBI",
    "BTS360": "Station/Province Profile",
    "GNOC": "GNOC",
    "PTHT": "PTHT",
    "QLTN": "Quản lý toà nhà",
    "ZDT": "ZDT",
    "Chatbot": "Chatbot",
    "PCTT": "PCTT",
    "VSmart": "VSmart",
    "toolDes": "Management system"
  },
  "error": {
    "dataNotFound": "Data not found!",
    "dataNotAvailable": "No data",
    "lackingData": "Lacking data"
  },
  "filter": {
    "filter": "Filter",
    "order": "Sort by KPI",
    "default": "Default",
    "sortAscending": "Ascending",
    "sortDescending": "Descending",
    "achievedKPIOnly": "Achieved",
    "notAchievedKPIOnly": "Not achieved",
    "donut": "Donut",
    "bar": "Stacked bar",
    "day": "Day",
    "week": "Week",
    "month": "Month",
    "quarter": "Quarter",
    "year": "Year",
    "nation": "Nation",
    "field": "Field",
    "seeMore": "See more",
    "seeLess": "See less",
    "telecom": "Telecom",
    "it": "IT",
    "region": "Region",
    "region1": "Region 1",
    "region2": "Region 2",
    "region3": "Region 3",
    "searchProvince": "Search province",
    "clearAll": "Clear all",
    "apply": "Apply",
    "reset": "Reset",
    "select": "Select",
    "selected": "Selected"
  },
  "home": {
    "loadingUi": "Interface updating",
    "home": "Home",
    "unit": "Department",
    "system": "System",
    "country": "Country",
    "countryLC": "country",
    "overview": {
      "kpiRateTotal": "KPI achieved/Total",
      "overallProvincialKPI": "Overall provincial KPI",
      "overallNetworkKPI": "Overall network KPI",
      "bestProvince": "Best provinces",
      "worstProvince": "Worst provinces"
    },
    "totalKPIView": {
      "sortByKPIGroup": "Sort by domain",
      "chartType": "Chart type",
      "achievedKPIProportion": "Achieved KPI proportion: ",
      "achievedKPIProportionOf": "Achieved KPI proportion of",
      "achievedKPIProportionNation": "Achieved KPI proportion of country: ",
      "numbersOfYellowRedWarning": "Yellow/Red alarm KPI numbers: ",
      "overallKPIOf": "Overall KPI of"
    }
  },
  "notif": {
    "notif": "Notification",
    "unread": "Unread",
    "noUnreadNotification": "There is no unread notification!",
    "seeAll": "See all"
  },
  "other": {
    "pleaseEnter": "Please enter",
    "you": "you",
    "youUC": "You",
    "your": "your",
    "ago": "ago"
  },
  "report": {
    "report": "Report",
    "reportName": "Report name",
    "reportList": "Report list",
    "favReportScreen": {
      "reportFavNav": "Favourite report",
      "favReport": "Favourite report",
      "favouriteReportList": "Favourite report list"
    },
    "shareComment": {
      "comment": "Comment",
      "addComment": "Add comment...",
      "deleteComment": "Delete comment",
      "reply": "Reply",
      "share": "Share",
      "send": "Send",
      "shareReport": "Share report",
      "checkShareReport": "Are you sure to share report?",
      "sendMailSuccess": "Your mail has been successfully sent!"
    }
  },
  "search": {
    "search": "Search",
    "searchKPI": "Search KPI",
    "searchUnit": "Search department",
    "searchSystem": "Search system",
    "searchSession": "Search session name",
    "searchReport": "Search report name",
    "searchFavoriteReport": "Search favorite report",
    "history": "History"
  },
  "session": {
    "session": "Session",
    "sessionList": "Session list",
    "moveToTop": "Move to top",
    "moveDown": "Move to 1 row below",
    "moveUp": "Move to 1 row above",
    "moveSuccess": "Your session have been successfully moved!",
    "moveFailed": "Fail to move session"
  },
  "slide": {
    "slide": "Slide",
    "slideConfiguration": "Slide configuration",
    "slideList": "Slide list",
    "pleaseEnterSlideName": "Please enter slide name",
    "table": {
      "stt": "No.",
      "slideName": "Slide name",
      "creator": "Creator",
      "createAt": "Created date",
      "updateBy": "Updated by",
      "updateAt": "Updated date"
    },
    "attach": {
      "totalAttachFile": "Total attached files",
      "stt": "No.",
      "fileName": "File name",
      "createDate": "Create date",
      "action": "Action"
    }
  },
  "system": {
    "fplashScreen": "Network business intelligence"
  },
  "toast": {
    "wrongPasswordOrUsername": "Wrong password or username",
    "lostConnection": "There was an error connecting to the server. Please check network connection and try again!",
    "reloadToConnection": "Your Internet connection was restored. Please continue to update the latest data!",
    "noNetworkConnection": "There is no Internet connection. Please try again!",
    "errorOccurred": "An error occurred. Please try again!",
    "fileDownloadSuccess": "File has been downloaded successfully",
    "commentSuccess": "Comment has been sent successfully",
    "commentFailure": "Fail to send comment",
    "commentDeleteSuccess": "Comment has been deleted successfully",
    "commentDeleteFailure": "Fail to delete comment",
    "confirmDeleteComment": "Are you sure to delete this comment?",
    "deleteComment": "Delete comment",
    "pleaseEnterComment": "Please enter a comment",
    "fileNoExists": "File no longer exists!",
    "storageCreateFail": "Storage creation failed, please check and try again!",
    "confirm": "Confirm",
    "close": "Close",
    "cancel": "Cancel",
    "cancelBiometricsSuccess": "Biometrics login canceled successfully",
    "activatedBiometricsSuccess": "Biometrics login has been activated successfully",
    "noAccessApp": "You do not have permission to access to any applications.\nPlease contact with admin to be able to use the application!"
  }
}
