{
  "recordsInTotal": "Tổng {{ total }} bản ghi",
  "Different": "Khác",
  "Active": "Hoạt động",
  "Inactive": "Không hoạt động",
  "Error": "Lỗi",
  "Warning": "Cảnh báo",
  "SomeThingError": "Có lỗi xảy ra",
  "Success": "Thành công",
  "uppercase": "{{value, uppercase}}",
  "capitalize": "{{value, capitalize}}",
  "lowercase": "{{value, lowercase}}",
  "Ago": "Trước",
  "Hide": "Ẩn",
  "Show": "Hiện",
  "Search": "Tìm kiếm",
  "Total": "Tổng",
  "TotalNumber": "Tổng số",
  "record": "bản ghi",
  "records": "bản ghi",
  "System": "Hệ thống",
  "Domain": "Mảng",
  "result": "kết quả",
  "view": "Lượt xem",
  "views": "Lượt xem",
  "Views": "Lượt xem báo cáo",
  "Public": "Công khai",
  "NotFoundData": "Không tìm thấy dữ liệu!",
  "CreateExcel": "Thêm từ Excel",
  "ReadExcel": "Đọc file Excel",
  "GuideExcelStep1": "1. Tải mẫu file Excel",
  "GuideExcelStep2": "2. Nhập dữ liệu vào file mẫu",
  "GuideExcelStep3": "3. Chọn file và nhấn đọc file",
  "ChooseFile": "Chọn file",
  "DownloadExample": "Tải mẫu",
  "Instruction": "Hướng dẫn",
  "Create": "Thêm mới",
  "Ok": "Đồng ý",
  "Description": "Mô tả",
  "Confirm": "Xác nhận",
  "All": "Tất cả",
  "Latest": "Mới",
  "Previous": "Trước đó",
  "ReportName": "Tên báo cáo",
  "SearchReport": "Tìm kiếm báo cáo",
  "EnterReportName": "Nhập tên báo cáo",
  "fieldRequired": "{{ field }} bắt buộc nhập",
  "fieldRequiredMin": "Giá trị nhỏ nhất là {{ value }}",
  "fieldRequiredMax": "Giá trị lớn nhất là {{ value }}",
  "fieldRequiredIntegerMinMax": "{{ field }} chỉ được nhập số nguyên từ {{ min }} đến {{ max }}",
  "fieldSignAndSpecial": "{{ field }} không có dấu và các ký tự đặc biệt",
  "fieldRequiredSelect": "{{ field }} bắt buộc chọn",
  "ThisFieldRequired": "Trường này bắt buộc nhập",
  "NoData": "Không có dữ liệu",
  "LackingData": "Không đủ dữ liệu",
  "Delete": "Xóa",
  "DeleteConfirm": "Bạn có chắc chắn muốn xóa {{ label }}",
  "DeleteDepartmentConfirm": "Bạn có chắc chắn muốn xóa đơn vị {{ label }}",
  "RecordInTotal": "Tổng <red>{{total}}</red> bản ghi",
  "ResultInTotal": "Tổng <red>{{total}}</red> kết quả",
  "ProjectInTotal": "Tổng <red>{{total}}</red> project",
  "UploadRecordSuccess": "Tải lên <blue>{{total}}</blue> bản ghi thành công",
  "UploadRecordFail": "<red>{{total}}</red> bản ghi lỗi",
  "Notification": "Thông báo",
  "Action": "Hành động",
  "Download": "Tải về",
  "Status": "Trạng thái",
  "UpdatedDate": "Ngày cập nhật",
  "CreatedDate": "Ngày thêm",
  "Second": "Giây",
  "Minute": "Phút",
  "Hour": "Giờ",
  "Day": "Ngày",
  "DayOfMonth": "Ngày (trong tháng)",
  "DayOfWeek": "Ngày (trong tuần)",
  "Date": "Thứ",
  "Week": "Tuần",
  "Month": "Tháng",
  "Quarter": "Quý",
  "Year": "Năm",
  "Hourly": "Hàng giờ",
  "Daily": "Hàng ngày",
  "Weekly": "Hàng tuần",
  "From": "Từ",
  "To": "Đến",
  "ChooseTime": "Chọn khoảng thời gian",
  "FromDay": "Từ ngày",
  "ToDay": "Đến ngày",
  "FromWeek": "Từ tuần",
  "ToWeek": "Đến tuần",
  "FromMonth": "Từ tháng",
  "ToMonth": "Đến tháng",
  "FromQuarter": "Từ quý",
  "ToQuarter": "Đến quý",
  "FromYear": "Từ năm",
  "ToYear": "Đến năm",
  "Deviant": "Chênh lệch",
  "Upload": "Tải lên ",
  "successRecord": "bản ghi thành công",
  "ViewDetails": "Xem chi tiết",
  "Share": "Chia sẻ",
  "Shared": "Đã chia sẻ",
  "SeeMore": "Xem thêm",
  "ClickShowDetail": "Nhấn đề xem chi tiết",
  "Country": "Cả nước",
  "Example": "Ví dụ",
  "Unidentified": "Chưa xác định",
  "DayOfMonth1": "1",
  "DayOfMonth2": "2",
  "DayOfMonth3": "3",
  "DayOfMonth4": "4",
  "DayOfMonth5": "5",
  "DayOfMonth6": "6",
  "DayOfMonth7": "7",
  "DayOfMonth8": "8",
  "DayOfMonth9": "9",
  "DayOfMonth10": "10",
  "DayOfMonth11": "11",
  "DayOfMonth12": "12",
  "DayOfWeek1": "thứ hai",
  "DayOfWeek2": "thứ ba",
  "DayOfWeek3": "thứ tư",
  "DayOfWeek4": "thứ năm",
  "DayOfWeek5": "thứ sáu",
  "DayOfWeek6": "thứ bảy",
  "DayOfWeek7": "chủ nhật",
  "button": {
    "Search": "Tìm kiếm",
    "View": "Xem",
    "Edit": "Sửa",
    "Delete": "Xóa",
    "Cancel": "Hủy",
    "Save": "Lưu",
    "Back": "Quay lại",
    "Update": "Cập nhật",
    "Create": "Thêm mới",
    "CreateExcel": "Thêm từ excel",
    "SeeAll": "Xem tất cả",
    "Ok": "Đồng ý",
    "Close": "Đóng",
    "Share": "Chia sẻ",
    "Send": "Gửi",
    "Return": "Quay trở lại",
    "Select": "Chọn",
    "Download": "Tải xuống"
  },
  "title": {
    "viewDetailReport": "Danh sách báo cáo / Xem chi tiết báo cáo"
  },
  "table": {
    "displayOrder": "STT",
    "createdBy": "Người tạo",
    "createdAt": "Ngày tạo",
    "action": "Hành động",
    "updatedAt": "Ngày cập nhập",
    "updatedBy": "Người cập nhập"
  },
  "enum": {
    "field": {
      "tele": "Viễn thông",
      "tech": "CNTT"
    },
    "achievedFlow": {
      "negative": "Âm tốt",
      "positive": "Dương tốt"
    }
  },
  "chosenApp": "Chọn ứng dụng",
  "utilities": "Tiện ích",
  "switchBTS": "Chuyển sang Profile trạm/tỉnh",
  "managementSystem": "Hệ thống quản lý",
  "netbiApp": "NETBI",
  "btsApp": "Trạm/Tỉnh",
  "viewCount": "Lượt xem {{count}}",
  "accountNotFound": "Account không tồn tại trong hệ thống",
  "errorSetup": "Đã xảy ra lỗi khi thiết lập ứng dụng",
  "reset": "Làm mới"
}
