{
  "errorLogin": "Thông tin tài khoản hoặc mật khẩu không chính xác",
  "divisionHasNotBeenDelegated": "Đơn vị chưa được phân quyền",
  "thisAccountIsDisabled": "Tài khoản đang bị vô hiệu hóa",
  "form": {
    "username": {
      "placeholder": "Tên đăng nhập"
    },
    "password": {
      "placeholder": "Mật khẩu"
    },
    "captcha": {
      "placeholder": "Captcha",
      "error": "Mã captcha không hợp lệ. Vui lòng nhập lại."
    },
    "lock": "Tài khoản bị tạm khóa do nhập sai mật khẩu quá số lần cho phép. Tài khoản sẽ tự động mở khóa sau 5 phút."
  },
  "button": {
    "login": "Đăng nhập"
  }
}
