{
  "dashboard": {
    "title": "Trang chủ"
  },
  "listReport": {
    "title": "Danh sách báo cáo"
  },
  "reportFavourite": {
    "title": "Báo cáo yêu thích"
  },
  "listNotification": {
    "title": "Danh sách thông báo"
  },
  "configSlide": {
    "title": "Cấu hình slide"
  },
  "configReport": {
    "title": "Cấu hình báo cáo",
    "subMenu": {
      "listReportTableau": "Danh sách báo cáo Tableau",
      "listReportKpi": "Danh sách báo cáo KPI",
      "managerKpi": "Quản lý KPI",
      "managerGroupKpi": "Quản lý mảng KPI",
      "configThreshold": "Cấu hình ngưỡng"
    }
  },
  "managerPermission": {
    "title": "Quản lý phân quyền",
    "subMenu": {
      "permissionSession": "Phân quyền session",
      "permissionKpi": "Phân quyền KPI",
      "managerUser": "Quản lý người dùng",
      "managerDepartment": "Quản lý đơn vị"
    }
  },
  "managerSystem": {
    "title": "Quản trị hệ thống",
    "subMenu": {
      "detailKPIReport": "Báo cáo chi tiết KPI",
      "staticAccess": "Thống kê truy cập",
      "managerNotification": "Quản lý thông báo",
      "configSync": "Cấu hình thông tin đồng bộ",
      "configDataSync": "Cấu hình đồng bộ dữ liệu",
      "historyDataSync": "Cấu hình chạy bù dữ liệu",
      "configKpi": "Cấu hình cảnh báo KPI"
    }
  },
  "account": {
    "title": "Thông tin tài khoản",
    "seoHead": "Trang cá nhân"
  },
  "login": {
    "title": "Đăng nhập"
  },
  "divisionInformation": {
    "title": "Thông tin đơn vị"
  },
  "sessionDelegatedDivisionList": {
    "title": "Báo cáo chi tiết đơn vị"
  }
}
