{
  "createdSuccessfully": "Thêm mới thành công",
  "deletedSuccessfully": "Xóa thành công",
  "deletedFailed": "Xóa thất bại",
  "errorOccurred": "Có lỗi xảy ra",
  "successfullyImport": "Import thành công",
  "invalidFileFormat": "Định dạng file không đúng, vui lòng chọn lại",
  "fieldRequired": "Trường này bắt buộc nhập",
  "downloadFailed": "Tải về thất bại",
  "updatedSuccessfully": "Cập nhật thành công",
  "updateFailed": "Cập nhật thất bại",
  "updatedSuccessfullyByKey": "Cập nhật {{key}} thành công",
  "updateFailedByKey": "Cập nhật {{key}} thất bại",
  "createdSuccessfullyByKey": "Thêm mới {{key}} thành công",
  "KPICode": "Mã KPI",
  "createFailedByKey": "Thêm mới {{key}} thất bại",
  "deleteSuccessfullyByKey": "Xóa {{key}} thành công",
  "deleteFailedByKey": "Xóa {{key}} thất bại",
  "anUnexpectedErroroccurred": "Đã có lỗi xảy ra, vui lòng thử lại sau",
  "enterCorrectFormat": "Vui lòng nhập đúng định dạng",
  "explanationSuccessfully": "Giải trình thành công",
  "errorDuringImplementation": "Có lỗi trong quá trình thực hiện",
  "invalidData": "Giá trị nhập vào không hợp lệ",
  "donotAccessLink": "Bạn không có quyền truy cập đường dẫn này",
  "notFoundPage": "Không tìm thấy trang",
  "pageIsInaccessible": "Trang không thể truy cập",
  "lookingPage": "Trang bạn đang tìm kiếm dường như không tồn tại"
}
