{
  "report": {
    "name": "Tên báo cáo",
    "nameRequiredMaxLength": "Tối đa {{ value }} ký tự tìm kiếm",
    "text": "Báo cáo",
    "like": "Yêu thích",
    "unLike": "Bỏ yêu thích",
    "type": {
      "text": "Loại báo cáo",
      "tableau": "Báo cáo Tableau",
      "kpi": "Báo cáo KPI",
      "permanent": "Báo cáo cố định"
    },
    "mail": {
      "title": "Danh sách lịch gửi báo cáo định kỳ",
      "search": "Tìm kiếm lịch gửi báo cáo",
      "state": "Trạng thái",
      "actionEdit": "Sửa lịch gửi báo cáo",
      "actionDelete": "Xóa lịch gửi báo cáo",
      "delete": "lịch gửi báo cáo định kỳ",
      "new": "Thêm mới lịch gửi báo cáo định kỳ",
      "edit": "Chỉnh sửa lịch gửi báo cáo định kỳ",
      "add": "Thêm lịch gửi báo cáo",
      "name": "Tên lịch gửi báo cáo",
      "namePlaceholder": "Nhập tên lịch gửi",
      "nameRequiredMaxLength": "Tên lịch gửi tối đa {{ value }} ký tự",
      "nation": "Quốc gia",
      "nationPlaceholder": "Cả nước",
      "region": "Khu vực",
      "regionPlaceholder": "Cả nước",
      "dataLevel": "Mức dữ liệu",
      "receiver": "Người nhận",
      "receiverPlaceholder": "Nhập email",
      "frequencySendMail": "Tần suất gửi mail",
      "startDate": "Từ ngày",
      "toDate": "Đến ngày",
      "dayOfWeek": "Thứ",
      "chooseDayOfWeek": "Chọn thứ",
      "hours": "Giờ",
      "minutes": "Phút",
      "statusSend": "Trạng thái lịch gửi",
      "sendNowTitle": "Gửi ngay báo cáo",
      "sendNowMessage": "Bạn có chắc chắn muốn gửi ngay báo cáo",
      "deleteSuccess": "Xóa lịch gửi báo cáo thành công",
      "deleteErr": "Xóa lịch gửi báo cáo thất bại",
      "selectView": "Chọn view",
      "send": "Gửi mail",
      "noComment": "Chưa có bình luận nào",
      "enter": "Vui lòng nhập",
      "validate": {
        "type": "Bạn cần điền thông tin này"
      },
      "sendNow": "Gửi ngay",
      "sendByScheduled": "Gửi theo lịch",
      "hourly": "Hàng giờ",
      "daily": "Hàng ngày",
      "weekly": "Hàng tuần",
      "chooseDate": "Chọn ngày",
      "chooseHour": "Chọn giờ",
      "scheduledSend": "Hẹn giờ gửi mail",
      "success": "Gửi mail thành công",
      "error": "Có lỗi khi gửi mail",
      "youNeedToFillInThisInformationCorrectly": "Bạn cần điền đúng thông tin này",
      "mailDoesNotFormat": "Mail không đúng định dạng",
      "daySelection": {
        "monday": "Thứ hai",
        "tuesday": "Thứ ba",
        "wednesday": "Thứ tư",
        "thursday": "Thứ năm",
        "friday": "Thứ sáu",
        "saturday": "Thứ bảy",
        "sunday": "Chủ nhật"
      }
    },
    "share": {
      "mail": "Mail",
      "report": "Chia sẻ báo cáo",
      "confirm": "Bạn có chắc chắn muốn chia sẻ báo cáo?",
      "success": "Chia sẻ báo cáo thành công",
      "error": "Có lỗi khi chia sẻ báo cáo"
    },
    "comment": {
      "text": "Bình luận",
      "reply": "Trả lời",
      "addComment": "Thêm bình luận",
      "validate": {
        "required": "Bạn cần điền nội dung bình luận",
        "requiredBeforeSend": "Bạn cần nhập trước khi gửi comment"
      },
      "uploadSuccess": "Bình luận được tải lên",
      "self": "Bạn",
      "delete": "Xóa bình luận",
      "deleteSuccess": "Xóa bình luận thành công",
      "errorComment": "Có lỗi khi bình luận"
    },
    "listReport": {
      "search": "Tìm kiếm session",
      "moveSuccess": "Di chuyển session thành công!",
      "moveFailed": "Di chuyển session không thành công!",
      "moveTop": "Di chuyển lên đầu",
      "moveUp": "Di chuyển lên 1 hàng",
      "moveDown": "Di chuyển xuống 1 hàng",
      "session": {
        "name": "Tên session",
        "add": "Thêm session",
        "addNew": "Thêm mới session",
        "addSuccess": "Thêm mới session thành công",
        "addFailed": "Thêm mới session không thành công",
        "edit": "Sửa session",
        "editSuccess": "Cập nhật session thành công",
        "editFailed": "Cập nhật session không thành công",
        "delete": "Xóa session",
        "deleteSuccess": "Xóa session thành công",
        "deleteFailed": "Xóa session không thành công",
        "validate": {
          "session": "Vui lòng nhập tên session",
          "sessionMaxLength": "Tên session tối đa {{ value }} ký tự",
          "description": "Vui lòng nhập mô tả",
          "descriptionMaxLength": "Mô tả tối đa {{ value }} ký tự"
        }
      },
      "detailReport": {
        "add": "Thêm báo cáo",
        "addNew": "Thêm mới báo cáo",
        "delete": "Xóa báo cáo",
        "deleteSelected": "Xóa các mục đã chọn",
        "selectedReport": "các mục đã chọn",
        "addInSession": "Thêm báo cáo vào session",
        "project": "Project",
        "chooseProject": "Chọn project",
        "workbook": "Workbook",
        "searchWorkbook": "Tìm kiếm workbook",
        "success": "Thêm báo cáo thành công",
        "failed": "Thêm báo cáo không thành công"
      },
      "tableauReport": "Báo cáo tableau",
      "permanentReport": "Báo cáo cố định",
      "kpiReport": "Báo cáo KPI"
    },
    "favouriteReport": {
      "text": "Báo cáo yêu thích",
      "list": "Danh sách báo cáo yêu thích"
    },
    "message": {
      "deleteReportSuccessfully": "Xóa report thành công",
      "deleteReportFailed": "Xóa report không thành công",
      "queryError": "Truy vấn lỗi, vui lòng thử lại sau"
    }
  }
}
