{
  "home": "Trang chủ",
  "station": "Profile trạm",
  "province": "Profile tỉnh",
  "report": "Báo cáo đơn vị",
  "reportFavorite": "Báo cáo yêu thích",
  "configSlide": "Cấu hình slide",
  "configReport": "Cấu hình báo cáo",
  "decentralizedManager": "Quản lý phân quyền",
  "provinceOverview": "Thông tin chung",
  "subscribersMarketShare": "Thuê bao & thị phần",
  "flowTrend": "Lưu lượng & xu thế",
  "tnHtml": "Tài nguyên & HTML",
  "infrastructureDevelopment": "Phát triển hạ tầng",
  "VHKTCLM": "VHKT & CLM",
  "reportImport": "Cấu hình báo cáo",
  "reportList": "Danh sách báo cáo",
  "reportPreview": "Preview báo cáo",
  "reportDownload": "Download báo cáo",

  "overview": "Tổng quan",
  "generalInformation": "Thông tin chung",
  "resourceHTML": "Tài nguyên & HTML",
  "technicalManagement": "Quản lý kỹ thuật",
  "warning": "Cảnh báo",
  "utils": "Tiện ích",
  "btsReport": "Báo cáo",
  "menuProvince": {
    "infraOverview": "Tổng quan hạ tầng",
    "mobile": "Di động",
    "subscribersTraffic": "Thuê bao & Lưu lượng",
    "informationInterruption": "Gián đoạn thông tin",
    "permanent": "Cố định",
    "subscriptionPerformance": "Thuê bao & Hiệu suất",
    "infraDevelopment": "Phát triển hạ tầng",
    "historyVHKT": "Lịch sử VHKT"
  }
}
